attempt_count,same_password_count,recent_attempts,country,service,risk_level,attack_type
2,0,0,United Kingdom,admin_panel,Low,Normal
3,0,0,France,admin_panel,Low,Normal
31,9,18,Germany,admin_panel,High,Brute Force
48,3,31,United Kingdom,web_login,High,Bot Attack
41,3,21,United States,admin_panel,High,Bot Attack
2,0,2,Australia,admin_panel,Low,Normal
2,2,1,Russia,admin_panel,Low,Normal
10,19,5,United Kingdom,admin_panel,High,Credential Stuffing
53,5,35,India,web_login,High,Bot Attack
24,8,28,Canada,web_login,High,Brute Force
15,5,29,Germany,admin_panel,High,Brute Force
3,0,0,India,web_login,Low,Normal
27,10,28,Germany,admin_panel,High,Brute Force
33,5,25,Australia,web_login,High,Brute Force
2,2,3,United Kingdom,web_login,Low,Normal
3,1,1,United States,admin_panel,Low,Normal
1,0,1,Brazil,web_login,Low,Normal
1,2,3,Brazil,web_login,Low,Normal
2,2,3,Germany,web_login,Low,Normal
35,5,18,Russia,admin_panel,High,Bot Attack
11,19,3,Russia,admin_panel,High,Credential Stuffing
13,14,2,Canada,admin_panel,High,Credential Stuffing
7,17,4,Brazil,admin_panel,High,Credential Stuffing
1,1,0,France,web_login,Low,Normal
3,0,3,France,admin_panel,Low,Normal
6,12,8,United Kingdom,admin_panel,High,Credential Stuffing
7,15,6,France,web_login,High,Credential Stuffing
58,4,28,Canada,web_login,High,Bot Attack
5,14,6,Australia,web_login,High,Credential Stuffing
3,1,3,United Kingdom,admin_panel,Low,Normal
2,2,3,Canada,admin_panel,Low,Normal
5,18,3,Canada,web_login,High,Credential Stuffing
7,16,7,Canada,admin_panel,High,Credential Stuffing
15,14,2,France,web_login,High,Credential Stuffing
5,8,3,Russia,web_login,High,Credential Stuffing
13,16,7,United States,web_login,High,Credential Stuffing
24,5,30,Canada,admin_panel,High,Brute Force
1,2,0,Australia,admin_panel,Low,Normal
13,12,6,France,web_login,High,Credential Stuffing
39,7,26,Australia,web_login,High,Brute Force
15,6,12,Brazil,admin_panel,High,Brute Force
49,8,30,United States,admin_panel,High,Bot Attack
6,20,6,United Kingdom,web_login,High,Credential Stuffing
12,12,4,China,web_login,High,Credential Stuffing
59,7,22,France,admin_panel,High,Bot Attack
31,8,10,Australia,web_login,High,Brute Force
19,6,14,Russia,web_login,High,Brute Force
19,6,19,China,admin_panel,High,Brute Force
1,2,3,Russia,web_login,Low,Normal
9,9,2,France,admin_panel,High,Credential Stuffing
15,16,4,Canada,admin_panel,High,Credential Stuffing
2,2,0,France,admin_panel,Low,Normal
31,6,16,Russia,web_login,High,Brute Force
36,9,24,Canada,web_login,High,Brute Force
1,2,1,India,admin_panel,Low,Normal
2,2,3,Russia,web_login,Low,Normal
56,7,39,Canada,admin_panel,High,Bot Attack
2,2,2,United States,web_login,Low,Normal
36,7,29,Canada,admin_panel,High,Brute Force
1,2,0,India,admin_panel,Low,Normal
11,10,30,United States,admin_panel,High,Brute Force
11,10,27,United Kingdom,web_login,High,Brute Force
5,13,6,France,web_login,High,Credential Stuffing
37,12,23,France,admin_panel,High,Brute Force
2,1,0,Canada,admin_panel,Low,Normal
30,12,21,Germany,web_login,High,Brute Force
33,6,17,Canada,admin_panel,High,Bot Attack
40,11,15,Germany,admin_panel,High,Brute Force
13,18,5,Brazil,admin_panel,High,Credential Stuffing
2,1,3,India,admin_panel,Low,Normal
25,5,34,United Kingdom,web_login,High,Bot Attack
7,13,3,United Kingdom,web_login,High,Credential Stuffing
40,11,28,India,admin_panel,High,Brute Force
13,16,3,Germany,admin_panel,High,Credential Stuffing
46,7,29,Brazil,admin_panel,High,Bot Attack
12,11,7,Canada,web_login,High,Credential Stuffing
2,2,2,Australia,admin_panel,Low,Normal
20,12,10,Russia,web_login,High,Brute Force
31,12,26,Canada,admin_panel,High,Brute Force
50,7,38,China,admin_panel,High,Bot Attack
24,5,15,Germany,web_login,High,Bot Attack
44,7,22,India,admin_panel,High,Bot Attack
44,8,40,India,admin_panel,High,Bot Attack
20,7,13,Canada,web_login,High,Brute Force
55,5,33,Brazil,web_login,High,Bot Attack
1,0,3,Brazil,web_login,Low,Normal
17,12,11,United Kingdom,web_login,High,Brute Force
38,3,33,India,admin_panel,High,Bot Attack
49,5,24,United States,admin_panel,High,Bot Attack
13,14,5,Canada,admin_panel,High,Credential Stuffing
2,0,3,United Kingdom,web_login,Low,Normal
1,1,1,Russia,admin_panel,Low,Normal
43,7,22,United States,web_login,High,Bot Attack
22,8,38,Russia,web_login,High,Bot Attack
2,1,3,France,web_login,Low,Normal
10,14,4,Canada,admin_panel,High,Credential Stuffing
36,11,25,Australia,web_login,High,Brute Force
47,5,36,France,web_login,High,Bot Attack
14,20,2,Australia,admin_panel,High,Credential Stuffing
11,13,8,Australia,web_login,High,Credential Stuffing
12,15,8,Canada,web_login,High,Credential Stuffing
3,1,3,Canada,admin_panel,Low,Normal
47,8,16,Germany,web_login,High,Bot Attack
23,5,40,Germany,admin_panel,High,Bot Attack
2,1,3,India,web_login,Low,Normal
7,13,2,United States,admin_panel,High,Credential Stuffing
25,12,28,Australia,web_login,High,Brute Force
1,2,3,Russia,web_login,Low,Normal
1,0,0,Germany,web_login,Low,Normal
31,9,28,United States,web_login,High,Brute Force
15,19,8,India,web_login,High,Credential Stuffing
17,12,26,United States,web_login,High,Brute Force
36,11,12,United Kingdom,web_login,High,Brute Force
24,6,19,United States,admin_panel,High,Brute Force
40,4,38,Germany,web_login,High,Bot Attack
53,8,20,United States,admin_panel,High,Bot Attack
30,7,29,Canada,admin_panel,High,Bot Attack
18,9,26,India,admin_panel,High,Brute Force
5,13,8,Canada,web_login,High,Credential Stuffing
25,6,15,India,admin_panel,High,Brute Force
6,8,5,India,web_login,High,Credential Stuffing
15,8,6,Germany,admin_panel,High,Credential Stuffing
2,0,0,India,web_login,Low,Normal
14,16,7,France,admin_panel,High,Credential Stuffing
15,20,5,Germany,web_login,High,Credential Stuffing
40,7,10,United Kingdom,web_login,High,Brute Force
1,1,1,Australia,admin_panel,Low,Normal
5,16,5,Canada,admin_panel,High,Credential Stuffing
3,0,2,China,web_login,Low,Normal
3,2,0,Brazil,admin_panel,Low,Normal
3,0,0,France,web_login,Low,Normal
3,2,0,Australia,web_login,Low,Normal
50,5,26,United States,admin_panel,High,Bot Attack
15,20,5,Australia,admin_panel,High,Credential Stuffing
11,9,2,France,admin_panel,High,Credential Stuffing
25,3,28,Canada,admin_panel,High,Bot Attack
8,13,4,Germany,admin_panel,High,Credential Stuffing
56,3,22,India,admin_panel,High,Bot Attack
3,0,1,France,web_login,Low,Normal
55,7,18,India,web_login,High,Bot Attack
1,1,3,Brazil,admin_panel,Low,Normal
40,8,25,Russia,admin_panel,High,Brute Force
60,3,28,Brazil,web_login,High,Bot Attack
13,6,16,United Kingdom,web_login,High,Brute Force
48,4,16,Germany,admin_panel,High,Bot Attack
3,1,0,India,web_login,Low,Normal
15,18,7,United Kingdom,web_login,High,Credential Stuffing
13,8,5,Canada,admin_panel,High,Credential Stuffing
19,8,13,Australia,web_login,High,Brute Force
27,7,39,Australia,web_login,High,Bot Attack
33,7,19,Brazil,web_login,High,Brute Force
23,8,21,Germany,web_login,High,Brute Force
11,8,7,France,admin_panel,High,Credential Stuffing
10,18,3,Germany,web_login,High,Credential Stuffing
3,2,3,China,admin_panel,Low,Normal
18,9,20,China,web_login,High,Brute Force
14,17,5,Russia,web_login,High,Credential Stuffing
13,12,17,United Kingdom,admin_panel,High,Brute Force
31,11,21,Canada,web_login,High,Brute Force
1,2,2,Canada,web_login,Low,Normal
23,3,38,United States,admin_panel,High,Bot Attack
34,10,14,China,admin_panel,High,Brute Force
1,2,3,Australia,web_login,Low,Normal
12,9,28,Germany,admin_panel,High,Brute Force
31,11,27,Australia,web_login,High,Brute Force
13,10,7,Canada,admin_panel,High,Credential Stuffing
8,16,2,Russia,web_login,High,Credential Stuffing
42,5,16,France,admin_panel,High,Bot Attack
16,7,25,Australia,admin_panel,High,Brute Force
10,20,6,Germany,admin_panel,High,Credential Stuffing
6,8,5,United States,web_login,High,Credential Stuffing
11,15,4,India,admin_panel,High,Credential Stuffing
27,12,16,India,web_login,High,Brute Force
3,0,1,China,web_login,Low,Normal
50,5,34,United Kingdom,admin_panel,High,Bot Attack
25,7,15,China,admin_panel,High,Bot Attack
19,6,18,Brazil,admin_panel,High,Brute Force
7,16,3,Australia,admin_panel,High,Credential Stuffing
7,8,6,France,admin_panel,High,Credential Stuffing
2,2,1,Brazil,admin_panel,Low,Normal
19,7,14,Australia,admin_panel,High,Brute Force
42,8,17,Russia,admin_panel,High,Bot Attack
2,0,2,United Kingdom,admin_panel,Low,Normal
17,9,30,India,web_login,High,Brute Force
3,1,0,United Kingdom,admin_panel,Low,Normal
12,18,8,United States,admin_panel,High,Credential Stuffing
20,10,19,India,admin_panel,High,Brute Force
25,7,12,Germany,web_login,High,Brute Force
36,10,22,France,admin_panel,High,Brute Force
47,6,40,United States,admin_panel,High,Bot Attack
52,4,34,United States,web_login,High,Bot Attack
55,7,26,India,admin_panel,High,Bot Attack
13,5,16,France,web_login,High,Brute Force
1,1,3,United Kingdom,admin_panel,Low,Normal
1,0,2,United Kingdom,web_login,Low,Normal
26,3,31,France,web_login,High,Bot Attack
12,8,3,Brazil,web_login,High,Credential Stuffing
14,15,8,Germany,web_login,High,Credential Stuffing
2,2,1,United Kingdom,web_login,Low,Normal
1,2,3,Germany,web_login,Low,Normal
29,7,28,France,admin_panel,High,Bot Attack
40,7,17,Russia,admin_panel,High,Brute Force
13,19,7,France,admin_panel,High,Credential Stuffing
3,0,2,China,web_login,Low,Normal
31,7,27,Germany,admin_panel,High,Bot Attack
55,3,22,Canada,admin_panel,High,Bot Attack
1,1,2,Germany,admin_panel,Low,Normal
2,1,2,India,admin_panel,Low,Normal
59,7,28,France,admin_panel,High,Bot Attack
15,19,7,China,web_login,High,Credential Stuffing
41,8,15,India,web_login,High,Bot Attack
3,2,0,Brazil,web_login,Low,Normal
59,4,17,Australia,web_login,High,Bot Attack
15,16,2,Germany,admin_panel,High,Credential Stuffing
1,0,2,India,web_login,Low,Normal
38,6,19,France,admin_panel,High,Brute Force
33,6,25,India,admin_panel,High,Brute Force
20,11,13,Australia,admin_panel,High,Brute Force
10,5,12,Germany,web_login,High,Brute Force
41,4,16,Canada,web_login,High,Bot Attack
25,7,17,Germany,web_login,High,Bot Attack
3,1,1,United Kingdom,admin_panel,Low,Normal
1,1,3,United Kingdom,admin_panel,Low,Normal
30,5,14,Brazil,web_login,High,Brute Force
16,6,17,Australia,web_login,High,Brute Force
2,0,2,Germany,web_login,Low,Normal
1,1,1,Canada,web_login,Low,Normal
38,5,22,France,web_login,High,Brute Force
2,1,3,Canada,web_login,Low,Normal
24,7,18,Russia,web_login,High,Brute Force
26,12,24,Canada,admin_panel,High,Brute Force
17,8,27,Canada,admin_panel,High,Brute Force
43,3,24,Australia,web_login,High,Bot Attack
15,16,3,India,web_login,High,Credential Stuffing
57,7,38,Russia,web_login,High,Bot Attack
24,7,18,United Kingdom,admin_panel,High,Brute Force
3,0,0,India,admin_panel,Low,Normal
54,7,32,Australia,admin_panel,High,Bot Attack
32,8,21,Germany,admin_panel,High,Bot Attack
12,18,4,United Kingdom,web_login,High,Credential Stuffing
13,7,23,Brazil,admin_panel,High,Brute Force
27,6,10,China,web_login,High,Brute Force
54,5,18,France,admin_panel,High,Bot Attack
19,10,11,United Kingdom,web_login,High,Brute Force
39,4,39,United States,web_login,High,Bot Attack
34,9,17,China,admin_panel,High,Brute Force
21,6,27,Germany,admin_panel,High,Bot Attack
53,5,38,China,web_login,High,Bot Attack
32,10,21,India,web_login,High,Brute Force
47,5,30,China,web_login,High,Bot Attack
7,10,8,Canada,web_login,High,Credential Stuffing
8,10,2,Brazil,web_login,High,Credential Stuffing
17,6,20,Germany,admin_panel,High,Brute Force
18,6,14,Canada,web_login,High,Brute Force
19,8,23,Russia,web_login,High,Brute Force
60,5,25,Canada,admin_panel,High,Bot Attack
9,18,2,France,admin_panel,High,Credential Stuffing
9,16,6,United Kingdom,admin_panel,High,Credential Stuffing
3,2,1,Canada,admin_panel,Low,Normal
13,13,6,Brazil,web_login,High,Credential Stuffing
27,6,40,Australia,web_login,High,Bot Attack
16,8,16,Germany,web_login,High,Brute Force
13,16,7,France,admin_panel,High,Credential Stuffing
2,1,0,France,admin_panel,Low,Normal
2,0,0,Germany,web_login,Low,Normal
19,11,22,Canada,admin_panel,High,Brute Force
36,7,18,France,web_login,High,Brute Force
11,18,8,China,admin_panel,High,Credential Stuffing
23,12,24,Canada,admin_panel,High,Brute Force
14,8,11,France,admin_panel,High,Brute Force
11,18,5,United Kingdom,web_login,High,Credential Stuffing
3,2,1,Russia,web_login,Low,Normal
5,10,5,France,web_login,High,Credential Stuffing
49,8,36,Russia,admin_panel,High,Bot Attack
10,15,4,Canada,web_login,High,Credential Stuffing
1,2,3,Brazil,admin_panel,Low,Normal
1,1,2,Russia,admin_panel,Low,Normal
5,17,6,India,admin_panel,High,Credential Stuffing
13,17,6,Russia,admin_panel,High,Credential Stuffing
21,8,19,United States,web_login,High,Brute Force
5,12,5,Germany,web_login,High,Credential Stuffing
32,5,23,China,admin_panel,High,Bot Attack
52,7,37,United Kingdom,web_login,High,Bot Attack
2,0,1,Australia,admin_panel,Low,Normal
26,12,11,United Kingdom,web_login,High,Brute Force
2,0,3,Germany,web_login,Low,Normal
2,1,3,Germany,web_login,Low,Normal
38,6,18,Germany,web_login,High,Brute Force
18,6,22,United Kingdom,web_login,High,Brute Force
14,16,2,United States,web_login,High,Credential Stuffing
5,19,8,Australia,web_login,High,Credential Stuffing
32,8,32,Russia,admin_panel,High,Bot Attack
21,3,34,United Kingdom,admin_panel,High,Bot Attack
18,12,11,Brazil,admin_panel,High,Brute Force
5,17,3,China,web_login,High,Credential Stuffing
14,9,4,Russia,web_login,High,Credential Stuffing
32,3,18,Brazil,admin_panel,High,Bot Attack
31,5,23,United States,admin_panel,High,Brute Force
1,2,3,China,web_login,Low,Normal
36,8,37,China,web_login,High,Bot Attack
46,6,30,India,admin_panel,High,Bot Attack
18,9,26,France,web_login,High,Brute Force
24,5,40,United Kingdom,web_login,High,Bot Attack
39,5,12,United Kingdom,web_login,High,Brute Force
11,20,8,Brazil,web_login,High,Credential Stuffing
51,7,34,United States,web_login,High,Bot Attack
58,4,19,France,admin_panel,High,Bot Attack
1,0,3,Brazil,web_login,Low,Normal
1,0,1,United Kingdom,web_login,Low,Normal
1,2,3,Australia,admin_panel,Low,Normal
3,0,1,China,web_login,Low,Normal
6,16,2,Australia,admin_panel,High,Credential Stuffing
35,6,31,Russia,admin_panel,High,Bot Attack
23,7,19,Canada,web_login,High,Bot Attack
58,7,35,Brazil,web_login,High,Bot Attack
13,6,27,United States,web_login,High,Brute Force
7,12,4,United Kingdom,web_login,High,Credential Stuffing
46,4,21,Russia,admin_panel,High,Bot Attack
2,2,2,Canada,web_login,Low,Normal
2,2,3,Germany,web_login,Low,Normal
50,6,37,India,web_login,High,Bot Attack
1,0,1,India,admin_panel,Low,Normal
21,6,25,Brazil,admin_panel,High,Brute Force
38,9,10,United States,web_login,High,Brute Force
29,7,38,India,web_login,High,Bot Attack
23,8,17,United Kingdom,web_login,High,Bot Attack
5,19,2,China,admin_panel,High,Credential Stuffing
22,5,22,India,admin_panel,High,Brute Force
3,0,1,Brazil,admin_panel,Low,Normal
12,10,16,France,admin_panel,High,Brute Force
15,19,7,Canada,web_login,High,Credential Stuffing
12,8,8,United Kingdom,web_login,High,Credential Stuffing
22,7,16,Russia,admin_panel,High,Bot Attack
2,0,0,Australia,web_login,Low,Normal
21,8,37,Russia,admin_panel,High,Bot Attack
40,8,20,France,web_login,High,Brute Force
15,11,21,Canada,admin_panel,High,Brute Force
9,20,2,Germany,admin_panel,High,Credential Stuffing
23,5,26,India,admin_panel,High,Bot Attack
1,1,1,India,admin_panel,Low,Normal
13,14,2,Brazil,web_login,High,Credential Stuffing
56,4,40,Russia,admin_panel,High,Bot Attack
15,10,3,Canada,admin_panel,High,Credential Stuffing
3,0,2,Australia,web_login,Low,Normal
47,5,32,Germany,admin_panel,High,Bot Attack
8,13,6,India,web_login,High,Credential Stuffing
10,7,25,Australia,admin_panel,High,Brute Force
2,0,1,United Kingdom,web_login,Low,Normal
30,8,30,France,admin_panel,High,Bot Attack
2,0,3,Brazil,admin_panel,Low,Normal
38,7,24,India,admin_panel,High,Brute Force
38,5,10,Canada,admin_panel,High,Brute Force
1,2,2,Brazil,web_login,Low,Normal
7,8,5,Germany,web_login,High,Credential Stuffing
45,7,27,Russia,web_login,High,Bot Attack
2,2,3,Canada,admin_panel,Low,Normal
58,7,37,India,web_login,High,Bot Attack
3,0,3,United States,web_login,Low,Normal
60,7,16,Russia,web_login,High,Bot Attack
29,8,28,United States,admin_panel,High,Brute Force
33,5,22,United Kingdom,admin_panel,High,Bot Attack
14,13,5,United Kingdom,admin_panel,High,Credential Stuffing
11,12,23,France,admin_panel,High,Brute Force
8,9,4,Australia,admin_panel,High,Credential Stuffing
2,0,0,Brazil,web_login,Low,Normal
1,0,2,France,web_login,Low,Normal
12,12,6,France,admin_panel,High,Credential Stuffing
21,7,29,Germany,web_login,High,Bot Attack
12,12,22,United Kingdom,web_login,High,Brute Force
9,19,2,Russia,admin_panel,High,Credential Stuffing
60,3,32,Brazil,web_login,High,Bot Attack
24,5,20,Australia,admin_panel,High,Bot Attack
2,0,3,China,admin_panel,Low,Normal
3,2,3,Russia,web_login,Low,Normal
32,7,23,Canada,web_login,High,Bot Attack
33,5,33,United Kingdom,web_login,High,Bot Attack
53,7,24,Brazil,admin_panel,High,Bot Attack
25,11,30,United Kingdom,admin_panel,High,Brute Force
14,12,4,India,admin_panel,High,Credential Stuffing
20,7,22,India,admin_panel,High,Bot Attack
33,11,25,Germany,admin_panel,High,Brute Force
1,0,2,Germany,web_login,Low,Normal
24,4,36,India,admin_panel,High,Bot Attack
2,1,0,China,admin_panel,Low,Normal
12,15,4,China,web_login,High,Credential Stuffing
3,1,0,France,web_login,Low,Normal
36,10,29,United States,web_login,High,Brute Force
23,9,13,France,web_login,High,Brute Force
3,0,2,Canada,web_login,Low,Normal
9,19,2,Russia,admin_panel,High,Credential Stuffing
30,6,19,Brazil,admin_panel,High,Brute Force
5,19,5,China,web_login,High,Credential Stuffing
56,4,25,Australia,admin_panel,High,Bot Attack
22,12,28,France,web_login,High,Brute Force
44,6,17,United Kingdom,admin_panel,High,Bot Attack
29,11,30,United Kingdom,admin_panel,High,Brute Force
39,10,22,India,web_login,High,Brute Force
3,2,1,Germany,web_login,Low,Normal
43,7,17,Australia,web_login,High,Bot Attack
34,6,22,United Kingdom,web_login,High,Brute Force
60,5,20,France,web_login,High,Bot Attack
24,7,17,Russia,admin_panel,High,Brute Force
30,4,28,India,admin_panel,High,Bot Attack
3,1,2,Canada,web_login,Low,Normal
13,10,20,China,admin_panel,High,Brute Force
1,0,2,United Kingdom,web_login,Low,Normal
1,2,2,United States,admin_panel,Low,Normal
28,7,32,Australia,admin_panel,High,Bot Attack
1,2,3,Australia,admin_panel,Low,Normal
49,4,25,Brazil,web_login,High,Bot Attack
6,13,6,United States,admin_panel,High,Credential Stuffing
3,1,2,Germany,admin_panel,Low,Normal
15,15,8,United States,web_login,High,Credential Stuffing
32,4,23,China,web_login,High,Bot Attack
25,8,32,Brazil,admin_panel,High,Bot Attack
15,9,6,France,web_login,High,Credential Stuffing
16,9,27,Canada,web_login,High,Brute Force
24,8,30,Germany,web_login,High,Bot Attack
3,0,3,Australia,web_login,Low,Normal
5,15,7,China,admin_panel,High,Credential Stuffing
26,8,30,Germany,admin_panel,High,Bot Attack
13,18,8,Brazil,web_login,High,Credential Stuffing
14,5,26,Russia,admin_panel,High,Brute Force
26,8,36,United States,admin_panel,High,Bot Attack
3,2,0,India,admin_panel,Low,Normal
3,0,1,India,admin_panel,Low,Normal
39,3,19,India,admin_panel,High,Bot Attack
9,19,6,Brazil,web_login,High,Credential Stuffing
7,12,5,China,admin_panel,High,Credential Stuffing
19,8,15,China,admin_panel,High,Brute Force
7,17,5,Germany,admin_panel,High,Credential Stuffing
7,18,6,Germany,admin_panel,High,Credential Stuffing
11,19,7,United Kingdom,web_login,High,Credential Stuffing
47,7,19,India,admin_panel,High,Bot Attack
22,4,30,Canada,web_login,High,Bot Attack
10,18,2,Canada,admin_panel,High,Credential Stuffing
2,0,1,Canada,admin_panel,Low,Normal
42,4,33,Australia,web_login,High,Bot Attack
12,11,4,Russia,admin_panel,High,Credential Stuffing
34,7,32,Brazil,web_login,High,Bot Attack
36,10,23,China,web_login,High,Brute Force
13,13,6,Russia,admin_panel,High,Credential Stuffing
30,7,17,Brazil,admin_panel,High,Brute Force
14,5,15,United States,admin_panel,High,Brute Force
29,8,29,China,web_login,High,Bot Attack
10,10,2,Canada,web_login,High,Credential Stuffing
12,10,24,United States,admin_panel,High,Brute Force
2,2,0,China,admin_panel,Low,Normal
3,1,3,Germany,admin_panel,Low,Normal
34,7,15,Canada,web_login,High,Bot Attack
7,19,3,Russia,admin_panel,High,Credential Stuffing
27,11,28,China,web_login,High,Brute Force
3,0,0,India,admin_panel,Low,Normal
11,9,23,Canada,admin_panel,High,Brute Force
45,4,22,France,web_login,High,Bot Attack
2,1,3,India,web_login,Low,Normal
1,0,3,India,admin_panel,Low,Normal
46,4,21,India,web_login,High,Bot Attack
22,7,16,Russia,admin_panel,High,Bot Attack
26,5,39,Australia,web_login,High,Bot Attack
13,9,7,France,web_login,High,Credential Stuffing
49,6,40,China,web_login,High,Bot Attack
12,17,7,United Kingdom,admin_panel,High,Credential Stuffing
47,6,32,United States,web_login,High,Bot Attack
22,3,32,France,admin_panel,High,Bot Attack
51,6,30,China,admin_panel,High,Bot Attack
1,0,2,United States,web_login,Low,Normal
2,2,3,United Kingdom,admin_panel,Low,Normal
36,7,31,Russia,admin_panel,High,Bot Attack
32,7,13,France,web_login,High,Brute Force
19,6,24,Australia,web_login,High,Brute Force
9,13,8,China,web_login,High,Credential Stuffing
1,2,2,Russia,admin_panel,Low,Normal
1,0,2,Germany,admin_panel,Low,Normal
25,6,10,India,web_login,High,Brute Force
37,7,28,Russia,web_login,High,Brute Force
29,7,34,France,admin_panel,High,Bot Attack
35,7,15,Australia,web_login,High,Bot Attack
10,13,3,India,web_login,High,Credential Stuffing
52,5,18,Germany,web_login,High,Bot Attack
20,5,27,China,web_login,High,Bot Attack
1,2,3,Germany,web_login,Low,Normal
40,11,19,India,admin_panel,High,Brute Force
51,6,30,Australia,web_login,High,Bot Attack
13,9,28,Australia,web_login,High,Brute Force
26,8,37,Russia,admin_panel,High,Bot Attack
38,5,11,France,admin_panel,High,Brute Force
14,9,21,Russia,web_login,High,Brute Force
2,2,2,Brazil,web_login,Low,Normal
2,2,1,United States,admin_panel,Low,Normal
1,1,2,Russia,admin_panel,Low,Normal
11,10,26,United States,web_login,High,Brute Force
32,10,30,India,web_login,High,Brute Force
40,3,26,United Kingdom,web_login,High,Bot Attack
3,2,2,India,admin_panel,Low,Normal
36,6,34,Russia,web_login,High,Bot Attack
5,15,6,France,admin_panel,High,Credential Stuffing
57,3,40,India,admin_panel,High,Bot Attack
5,13,8,Australia,admin_panel,High,Credential Stuffing
6,19,7,Germany,admin_panel,High,Credential Stuffing
35,7,27,Brazil,web_login,High,Bot Attack
1,2,3,France,web_login,Low,Normal
26,8,17,India,admin_panel,High,Brute Force
6,20,5,Germany,admin_panel,High,Credential Stuffing
17,6,15,United States,admin_panel,High,Brute Force
3,2,2,United Kingdom,admin_panel,Low,Normal
1,2,2,Germany,admin_panel,Low,Normal
27,8,10,France,admin_panel,High,Brute Force
32,6,22,China,web_login,High,Brute Force
43,8,33,Germany,admin_panel,High,Bot Attack
19,7,13,Germany,web_login,High,Brute Force
10,15,7,Russia,admin_panel,High,Credential Stuffing
50,6,20,United Kingdom,web_login,High,Bot Attack
11,20,3,Australia,web_login,High,Credential Stuffing
1,2,2,China,web_login,Low,Normal
13,16,4,China,web_login,High,Credential Stuffing
20,8,16,France,web_login,High,Brute Force
3,0,3,United States,admin_panel,Low,Normal
33,8,23,Germany,admin_panel,High,Brute Force
3,0,3,Germany,web_login,Low,Normal
3,2,0,Australia,admin_panel,Low,Normal
2,0,0,Germany,admin_panel,Low,Normal
3,0,0,Australia,web_login,Low,Normal
2,1,1,France,web_login,Low,Normal
28,8,21,Brazil,web_login,High,Bot Attack
36,5,23,Brazil,admin_panel,High,Bot Attack
35,5,25,China,admin_panel,High,Bot Attack
36,11,18,United Kingdom,admin_panel,High,Brute Force
60,6,30,Russia,admin_panel,High,Bot Attack
10,11,3,United Kingdom,admin_panel,High,Credential Stuffing
40,3,28,Russia,web_login,High,Bot Attack
40,8,31,Australia,web_login,High,Bot Attack
27,8,17,Brazil,web_login,High,Brute Force
3,1,2,Australia,web_login,Low,Normal
57,8,35,Russia,admin_panel,High,Bot Attack
51,5,32,Australia,web_login,High,Bot Attack
11,5,17,Russia,web_login,High,Brute Force
1,1,0,Canada,admin_panel,Low,Normal
6,12,7,United Kingdom,admin_panel,High,Credential Stuffing
14,11,11,United States,admin_panel,High,Brute Force
11,5,18,France,web_login,High,Brute Force
3,0,3,China,web_login,Low,Normal
9,9,8,Brazil,admin_panel,High,Credential Stuffing
11,13,4,United States,admin_panel,High,Credential Stuffing
31,8,28,China,admin_panel,High,Brute Force
2,1,0,India,web_login,Low,Normal
22,4,37,Canada,web_login,High,Bot Attack
26,6,25,France,admin_panel,High,Bot Attack
29,4,17,United Kingdom,admin_panel,High,Bot Attack
1,2,2,United Kingdom,web_login,Low,Normal
20,11,26,Canada,web_login,High,Brute Force
3,1,3,Canada,web_login,Low,Normal
3,2,3,Australia,web_login,Low,Normal
12,14,2,China,web_login,High,Credential Stuffing
9,14,7,Canada,admin_panel,High,Credential Stuffing
28,6,26,United States,admin_panel,High,Brute Force
2,0,2,Germany,web_login,Low,Normal
14,12,19,Australia,web_login,High,Brute Force
1,1,3,Australia,admin_panel,Low,Normal
29,9,25,Germany,admin_panel,High,Brute Force
14,17,7,India,web_login,High,Credential Stuffing
5,17,5,United Kingdom,admin_panel,High,Credential Stuffing
41,4,32,Canada,admin_panel,High,Bot Attack
3,1,1,India,web_login,Low,Normal
27,3,27,France,admin_panel,High,Bot Attack
42,4,37,Germany,web_login,High,Bot Attack
3,0,2,Russia,web_login,Low,Normal
26,6,16,India,web_login,High,Brute Force
38,10,13,Russia,admin_panel,High,Brute Force
39,7,30,Australia,admin_panel,High,Bot Attack
35,10,27,Canada,admin_panel,High,Brute Force
1,2,2,Australia,web_login,Low,Normal
39,8,15,France,admin_panel,High,Bot Attack
16,9,12,India,admin_panel,High,Brute Force
7,14,4,China,web_login,High,Credential Stuffing
7,8,4,Russia,admin_panel,High,Credential Stuffing
42,4,23,United Kingdom,admin_panel,High,Bot Attack
7,10,6,China,web_login,High,Credential Stuffing
32,12,11,Australia,web_login,High,Brute Force
3,0,2,United States,web_login,Low,Normal
7,15,7,Russia,web_login,High,Credential Stuffing
2,1,3,Brazil,web_login,Low,Normal
8,8,4,United States,web_login,High,Credential Stuffing
3,0,0,Russia,admin_panel,Low,Normal
37,10,13,Germany,admin_panel,High,Brute Force
1,2,3,Brazil,admin_panel,Low,Normal
34,7,24,United States,web_login,High,Brute Force
39,8,29,Australia,admin_panel,High,Brute Force
41,4,29,Canada,admin_panel,High,Bot Attack
3,0,0,United States,web_login,Low,Normal
55,6,25,Brazil,web_login,High,Bot Attack
3,2,2,United Kingdom,web_login,Low,Normal
44,5,28,Australia,admin_panel,High,Bot Attack
51,4,17,Russia,admin_panel,High,Bot Attack
11,17,7,Brazil,admin_panel,High,Credential Stuffing
39,11,25,China,admin_panel,High,Brute Force
24,11,24,United States,web_login,High,Brute Force
21,4,29,Germany,admin_panel,High,Bot Attack
29,3,36,Russia,admin_panel,High,Bot Attack
2,2,1,Canada,web_login,Low,Normal
1,2,1,Brazil,web_login,Low,Normal
1,0,0,Brazil,web_login,Low,Normal
1,2,2,France,web_login,Low,Normal
52,4,23,France,admin_panel,High,Bot Attack
58,5,18,China,admin_panel,High,Bot Attack
20,9,29,France,web_login,High,Brute Force
36,7,28,Russia,admin_panel,High,Brute Force
2,2,0,France,admin_panel,Low,Normal
11,16,4,Canada,web_login,High,Credential Stuffing
1,0,0,Brazil,web_login,Low,Normal
1,2,0,China,admin_panel,Low,Normal
9,19,2,United Kingdom,admin_panel,High,Credential Stuffing
46,8,30,France,admin_panel,High,Bot Attack
3,0,0,Germany,admin_panel,Low,Normal
17,10,30,Russia,admin_panel,High,Brute Force
17,11,24,United Kingdom,admin_panel,High,Brute Force
14,18,8,United Kingdom,web_login,High,Credential Stuffing
52,3,24,Brazil,admin_panel,High,Bot Attack
28,10,29,Canada,admin_panel,High,Brute Force
17,5,26,Germany,web_login,High,Brute Force
12,7,26,United States,web_login,High,Brute Force
23,8,18,Germany,web_login,High,Bot Attack
22,5,24,Australia,admin_panel,High,Brute Force
3,1,1,United Kingdom,admin_panel,Low,Normal
9,8,5,India,web_login,High,Credential Stuffing
2,1,1,France,admin_panel,Low,Normal
2,2,3,China,admin_panel,Low,Normal
12,18,4,United Kingdom,admin_panel,High,Credential Stuffing
24,7,31,China,admin_panel,High,Bot Attack
14,15,7,France,web_login,High,Credential Stuffing
1,2,1,Russia,web_login,Low,Normal
42,6,35,Russia,web_login,High,Bot Attack
12,11,3,Australia,admin_panel,High,Credential Stuffing
1,2,1,Australia,web_login,Low,Normal
1,2,2,United Kingdom,admin_panel,Low,Normal
1,2,2,Russia,web_login,Low,Normal
24,7,18,Germany,admin_panel,High,Brute Force
10,11,6,India,admin_panel,High,Credential Stuffing
26,8,36,Germany,web_login,High,Bot Attack
1,0,2,India,admin_panel,Low,Normal
18,6,16,Russia,web_login,High,Brute Force
2,2,1,India,web_login,Low,Normal
9,10,4,India,admin_panel,High,Credential Stuffing
31,7,25,China,admin_panel,High,Bot Attack
19,10,24,Canada,admin_panel,High,Brute Force
37,8,36,France,admin_panel,High,Bot Attack
2,2,3,China,web_login,Low,Normal
32,8,16,India,web_login,High,Bot Attack
14,19,7,Germany,admin_panel,High,Credential Stuffing
10,11,8,Australia,web_login,High,Credential Stuffing
32,6,15,India,admin_panel,High,Brute Force
10,8,6,Russia,admin_panel,High,Credential Stuffing
22,8,39,Russia,admin_panel,High,Bot Attack
12,11,11,United States,web_login,High,Brute Force
3,1,0,Russia,web_login,Low,Normal
54,6,38,China,web_login,High,Bot Attack
1,0,1,Canada,web_login,Low,Normal
6,12,8,Brazil,web_login,High,Credential Stuffing
31,8,22,France,web_login,High,Bot Attack
15,11,15,United States,web_login,High,Brute Force
1,2,0,Russia,web_login,Low,Normal
54,6,18,Russia,admin_panel,High,Bot Attack
3,1,1,China,admin_panel,Low,Normal
27,7,20,Brazil,web_login,High,Bot Attack
14,11,3,Brazil,admin_panel,High,Credential Stuffing
60,6,24,United States,admin_panel,High,Bot Attack
20,8,22,France,web_login,High,Brute Force
17,12,24,India,web_login,High,Brute Force
35,9,21,Canada,web_login,High,Brute Force
43,5,38,Russia,web_login,High,Bot Attack
9,15,7,Germany,admin_panel,High,Credential Stuffing
38,5,18,Brazil,web_login,High,Brute Force
2,2,3,France,web_login,Low,Normal
26,10,12,Canada,web_login,High,Brute Force
21,9,29,Australia,admin_panel,High,Brute Force
42,7,36,Germany,admin_panel,High,Bot Attack
3,2,1,Canada,admin_panel,Low,Normal
31,5,33,Russia,web_login,High,Bot Attack
1,0,2,India,web_login,Low,Normal
5,12,5,Australia,admin_panel,High,Credential Stuffing
56,5,18,China,admin_panel,High,Bot Attack
2,1,0,United States,web_login,Low,Normal
28,3,18,Russia,admin_panel,High,Bot Attack
1,2,3,United Kingdom,admin_panel,Low,Normal
3,1,0,France,admin_panel,Low,Normal
13,10,4,France,admin_panel,High,Credential Stuffing
26,4,29,France,admin_panel,High,Bot Attack
8,14,3,France,admin_panel,High,Credential Stuffing
39,8,20,Germany,admin_panel,High,Brute Force
29,9,19,Australia,admin_panel,High,Brute Force
13,11,4,Russia,web_login,High,Credential Stuffing
2,0,0,Germany,admin_panel,Low,Normal
31,6,27,France,web_login,High,Brute Force
8,17,8,Brazil,web_login,High,Credential Stuffing
9,16,4,Canada,admin_panel,High,Credential Stuffing
10,13,8,India,admin_panel,High,Credential Stuffing
41,8,17,Germany,web_login,High,Bot Attack
24,8,36,Russia,admin_panel,High,Bot Attack
1,0,2,Canada,web_login,Low,Normal
54,8,39,Australia,web_login,High,Bot Attack
11,9,8,China,web_login,High,Credential Stuffing
39,8,35,India,web_login,High,Bot Attack
6,10,5,Brazil,web_login,High,Credential Stuffing
11,8,3,India,admin_panel,High,Credential Stuffing
40,4,32,United Kingdom,web_login,High,Bot Attack
11,14,4,Brazil,web_login,High,Credential Stuffing
34,5,14,France,web_login,High,Brute Force
12,20,2,Germany,admin_panel,High,Credential Stuffing
40,12,25,Russia,web_login,High,Brute Force
38,8,24,United States,web_login,High,Bot Attack
36,7,24,United Kingdom,web_login,High,Brute Force
9,11,4,Canada,admin_panel,High,Credential Stuffing
20,5,22,Germany,web_login,High,Bot Attack
2,2,3,Germany,admin_panel,Low,Normal
7,12,8,Russia,web_login,High,Credential Stuffing
39,8,33,France,admin_panel,High,Bot Attack
3,0,3,China,web_login,Low,Normal
26,10,13,Germany,web_login,High,Brute Force
22,8,22,Brazil,admin_panel,High,Bot Attack
33,7,22,Australia,admin_panel,High,Bot Attack
1,2,1,Germany,web_login,Low,Normal
8,12,5,Brazil,web_login,High,Credential Stuffing
10,15,4,Australia,web_login,High,Credential Stuffing
5,15,3,France,admin_panel,High,Credential Stuffing
1,0,2,Germany,admin_panel,Low,Normal
30,9,29,China,admin_panel,High,Brute Force
3,2,1,Germany,web_login,Low,Normal
31,5,40,United States,web_login,High,Bot Attack
15,20,4,Canada,admin_panel,High,Credential Stuffing
16,12,20,China,web_login,High,Brute Force
2,1,0,China,web_login,Low,Normal
29,12,30,United Kingdom,web_login,High,Brute Force
24,6,12,France,admin_panel,High,Brute Force
7,16,7,United Kingdom,web_login,High,Credential Stuffing
21,8,29,China,admin_panel,High,Bot Attack
51,7,40,Canada,web_login,High,Bot Attack
19,5,18,China,admin_panel,High,Brute Force
3,2,0,United Kingdom,web_login,Low,Normal
2,2,0,Australia,admin_panel,Low,Normal
15,9,3,Canada,web_login,High,Credential Stuffing
28,7,16,Australia,admin_panel,High,Bot Attack
54,6,34,Brazil,web_login,High,Bot Attack
7,15,2,France,admin_panel,High,Credential Stuffing
11,15,6,Germany,web_login,High,Credential Stuffing
34,6,26,Canada,web_login,High,Bot Attack
12,20,5,Australia,web_login,High,Credential Stuffing
6,11,8,Brazil,web_login,High,Credential Stuffing
30,7,26,India,web_login,High,Bot Attack
37,8,21,China,admin_panel,High,Brute Force
2,1,0,Germany,web_login,Low,Normal
3,2,2,Russia,web_login,Low,Normal
54,4,20,India,web_login,High,Bot Attack
14,19,3,Canada,admin_panel,High,Credential Stuffing
2,0,2,Canada,admin_panel,Low,Normal
12,18,5,United States,web_login,High,Credential Stuffing
1,2,3,United States,web_login,Low,Normal
28,6,10,Russia,web_login,High,Brute Force
34,6,17,Russia,web_login,High,Brute Force
11,8,7,Australia,web_login,High,Credential Stuffing
2,1,1,India,admin_panel,Low,Normal
40,6,16,France,admin_panel,High,Bot Attack
1,1,3,Brazil,web_login,Low,Normal
11,13,4,Canada,admin_panel,High,Credential Stuffing
56,8,23,France,web_login,High,Bot Attack
20,7,10,Australia,admin_panel,High,Brute Force
27,5,39,Russia,admin_panel,High,Bot Attack
29,6,27,France,admin_panel,High,Bot Attack
1,1,2,Australia,admin_panel,Low,Normal
19,8,13,Russia,web_login,High,Brute Force
2,1,0,India,web_login,Low,Normal
23,4,34,United States,admin_panel,High,Bot Attack
12,6,27,Brazil,admin_panel,High,Brute Force
50,5,20,Brazil,admin_panel,High,Bot Attack
7,15,2,China,web_login,High,Credential Stuffing
3,1,0,Canada,web_login,Low,Normal
24,3,19,Germany,web_login,High,Bot Attack
3,1,3,China,admin_panel,Low,Normal
8,8,7,Australia,admin_panel,High,Credential Stuffing
12,10,20,France,admin_panel,High,Brute Force
15,11,20,Russia,web_login,High,Brute Force
10,19,6,Australia,admin_panel,High,Credential Stuffing
28,11,25,India,admin_panel,High,Brute Force
1,1,3,France,admin_panel,Low,Normal
12,17,3,France,admin_panel,High,Credential Stuffing
32,7,26,Brazil,web_login,High,Bot Attack
1,2,3,France,web_login,Low,Normal
5,18,2,France,web_login,High,Credential Stuffing
13,13,4,Brazil,admin_panel,High,Credential Stuffing
22,6,30,Canada,web_login,High,Brute Force
7,13,3,France,admin_panel,High,Credential Stuffing
14,12,6,United States,admin_panel,High,Credential Stuffing
49,7,24,China,web_login,High,Bot Attack
2,2,2,United States,web_login,Low,Normal
33,8,15,Canada,web_login,High,Bot Attack
1,1,3,Brazil,admin_panel,Low,Normal
28,7,40,China,web_login,High,Bot Attack
24,6,17,Brazil,web_login,High,Brute Force
54,5,16,Australia,admin_panel,High,Bot Attack
2,0,2,United States,web_login,Low,Normal
11,7,11,United Kingdom,web_login,High,Brute Force
32,11,24,Germany,web_login,High,Brute Force
1,2,2,Russia,admin_panel,Low,Normal
49,5,19,India,web_login,High,Bot Attack
31,9,23,United States,web_login,High,Brute Force
2,0,2,Russia,web_login,Low,Normal
14,14,7,United Kingdom,web_login,High,Credential Stuffing
31,7,31,India,web_login,High,Bot Attack
16,8,17,Germany,web_login,High,Brute Force
13,8,7,Australia,web_login,High,Credential Stuffing
12,18,3,Russia,admin_panel,High,Credential Stuffing
3,1,1,Canada,web_login,Low,Normal
57,3,32,United Kingdom,web_login,High,Bot Attack
38,5,16,India,admin_panel,High,Bot Attack
2,2,2,United States,admin_panel,Low,Normal
26,12,22,India,admin_panel,High,Brute Force
13,9,6,France,web_login,High,Credential Stuffing
5,9,2,France,web_login,High,Credential Stuffing
6,13,7,India,admin_panel,High,Credential Stuffing
40,11,16,China,web_login,High,Brute Force
9,20,5,Canada,admin_panel,High,Credential Stuffing
28,6,18,Russia,admin_panel,High,Bot Attack
53,6,37,United States,web_login,High,Bot Attack
59,7,26,India,web_login,High,Bot Attack
25,3,18,China,admin_panel,High,Bot Attack
2,2,1,United Kingdom,admin_panel,Low,Normal
9,11,7,China,web_login,High,Credential Stuffing
34,6,29,Russia,admin_panel,High,Brute Force
38,8,21,Canada,web_login,High,Brute Force
27,7,16,Australia,admin_panel,High,Brute Force
57,7,33,China,web_login,High,Bot Attack
53,5,29,Brazil,web_login,High,Bot Attack
19,12,10,France,admin_panel,High,Brute Force
2,2,0,France,web_login,Low,Normal
38,7,23,Australia,admin_panel,High,Bot Attack
34,5,31,United States,web_login,High,Bot Attack
14,11,5,United States,admin_panel,High,Credential Stuffing
1,2,1,Canada,admin_panel,Low,Normal
24,10,25,Germany,web_login,High,Brute Force
8,13,5,Canada,admin_panel,High,Credential Stuffing
12,5,24,Russia,admin_panel,High,Brute Force
39,8,30,France,web_login,High,Brute Force
2,2,0,Canada,web_login,Low,Normal
53,6,15,Australia,admin_panel,High,Bot Attack
19,11,20,France,admin_panel,High,Brute Force
3,0,0,China,admin_panel,Low,Normal
54,3,39,Brazil,web_login,High,Bot Attack
5,14,5,India,web_login,High,Credential Stuffing
40,7,22,India,admin_panel,High,Brute Force
1,1,0,India,admin_panel,Low,Normal
3,0,2,France,admin_panel,Low,Normal
29,5,10,Australia,admin_panel,High,Brute Force
22,8,19,Brazil,web_login,High,Brute Force
60,5,39,India,web_login,High,Bot Attack
15,10,3,United Kingdom,admin_panel,High,Credential Stuffing
6,19,4,India,web_login,High,Credential Stuffing
15,14,7,China,web_login,High,Credential Stuffing
37,6,18,Brazil,web_login,High,Bot Attack
55,4,38,Canada,web_login,High,Bot Attack
38,12,24,China,admin_panel,High,Brute Force
51,4,26,France,admin_panel,High,Bot Attack
1,0,1,Australia,admin_panel,Low,Normal
35,7,23,Russia,web_login,High,Brute Force
3,2,2,Brazil,admin_panel,Low,Normal
25,5,28,France,admin_panel,High,Bot Attack
17,5,11,United States,admin_panel,High,Brute Force
3,2,0,Canada,web_login,Low,Normal
27,8,40,France,web_login,High,Bot Attack
1,2,1,Australia,admin_panel,Low,Normal
14,9,5,Canada,web_login,High,Credential Stuffing
9,10,4,Australia,web_login,High,Credential Stuffing
37,6,27,Australia,admin_panel,High,Brute Force
14,7,16,Russia,web_login,High,Brute Force
21,6,23,United Kingdom,web_login,High,Bot Attack
43,6,21,Germany,web_login,High,Bot Attack
24,9,10,India,admin_panel,High,Brute Force
9,18,6,France,admin_panel,High,Credential Stuffing
25,7,30,Canada,admin_panel,High,Brute Force
27,7,11,China,web_login,High,Brute Force
26,5,21,Germany,admin_panel,High,Bot Attack
12,13,6,India,web_login,High,Credential Stuffing
21,6,21,Germany,admin_panel,High,Bot Attack
6,15,5,Russia,web_login,High,Credential Stuffing
20,7,37,Russia,web_login,High,Bot Attack
7,18,4,Russia,web_login,High,Credential Stuffing
49,5,31,Russia,web_login,High,Bot Attack
6,8,4,Russia,web_login,High,Credential Stuffing
21,12,15,India,web_login,High,Brute Force
27,11,19,China,admin_panel,High,Brute Force
8,9,3,Germany,web_login,High,Credential Stuffing
22,5,28,Germany,admin_panel,High,Brute Force
39,12,21,United States,web_login,High,Brute Force
37,7,36,United States,web_login,High,Bot Attack
2,0,0,France,web_login,Low,Normal
38,8,26,United States,web_login,High,Bot Attack
27,8,24,India,web_login,High,Bot Attack
21,8,36,Canada,web_login,High,Bot Attack
2,0,1,France,admin_panel,Low,Normal
2,2,1,China,web_login,Low,Normal
3,1,1,United States,admin_panel,Low,Normal
53,5,26,Canada,admin_panel,High,Bot Attack
18,11,30,China,web_login,High,Brute Force
32,6,18,China,admin_panel,High,Bot Attack
16,6,19,Brazil,web_login,High,Brute Force
25,10,10,Australia,admin_panel,High,Brute Force
44,6,23,China,admin_panel,High,Bot Attack
8,8,3,Australia,web_login,High,Credential Stuffing
33,6,36,Australia,admin_panel,High,Bot Attack
13,9,5,France,admin_panel,High,Credential Stuffing
1,0,1,United States,web_login,Low,Normal
1,0,0,United States,admin_panel,Low,Normal
1,1,1,Germany,web_login,Low,Normal
14,8,3,United States,web_login,High,Credential Stuffing
1,2,0,Brazil,web_login,Low,Normal
14,9,6,United Kingdom,admin_panel,High,Credential Stuffing
9,19,3,Russia,web_login,High,Credential Stuffing
3,0,2,Canada,web_login,Low,Normal
2,1,0,Russia,admin_panel,Low,Normal
14,18,8,Canada,admin_panel,High,Credential Stuffing
10,9,3,Australia,admin_panel,High,Credential Stuffing
8,14,7,Germany,admin_panel,High,Credential Stuffing
12,13,7,France,web_login,High,Credential Stuffing
1,2,0,United Kingdom,admin_panel,Low,Normal
56,3,25,United States,admin_panel,High,Bot Attack
28,4,19,Australia,admin_panel,High,Bot Attack
1,0,3,Germany,web_login,Low,Normal
2,2,0,Canada,web_login,Low,Normal
7,11,8,China,admin_panel,High,Credential Stuffing
42,6,37,India,admin_panel,High,Bot Attack
13,12,13,Germany,admin_panel,High,Brute Force
40,5,21,United States,web_login,High,Brute Force
17,12,15,Russia,web_login,High,Brute Force
14,11,6,Australia,web_login,High,Credential Stuffing
23,6,31,Australia,web_login,High,Bot Attack
39,5,17,Brazil,admin_panel,High,Brute Force
39,4,35,Canada,admin_panel,High,Bot Attack
29,8,29,Germany,web_login,High,Bot Attack
3,2,0,France,web_login,Low,Normal
37,12,11,Russia,web_login,High,Brute Force
33,11,23,France,web_login,High,Brute Force
2,1,0,Australia,admin_panel,Low,Normal
53,6,21,Germany,web_login,High,Bot Attack
3,1,0,Canada,admin_panel,Low,Normal
41,3,25,China,web_login,High,Bot Attack
13,15,4,Russia,admin_panel,High,Credential Stuffing
21,4,35,Australia,admin_panel,High,Bot Attack
12,5,16,Australia,web_login,High,Brute Force
3,0,2,Russia,admin_panel,Low,Normal
3,0,3,Canada,web_login,Low,Normal
40,12,15,France,admin_panel,High,Brute Force
13,10,18,Germany,web_login,High,Brute Force
25,11,15,Canada,web_login,High,Brute Force
8,11,7,France,web_login,High,Credential Stuffing
10,12,2,Germany,admin_panel,High,Credential Stuffing
2,2,3,Russia,admin_panel,Low,Normal
48,7,23,Canada,admin_panel,High,Bot Attack
2,2,2,China,admin_panel,Low,Normal
33,8,11,France,web_login,High,Brute Force
24,7,28,India,web_login,High,Bot Attack
14,10,5,India,web_login,High,Credential Stuffing
20,4,35,China,admin_panel,High,Bot Attack
11,9,2,France,web_login,High,Credential Stuffing
59,4,20,Canada,admin_panel,High,Bot Attack
1,0,3,Brazil,web_login,Low,Normal
20,5,20,China,admin_panel,High,Bot Attack
47,3,29,United Kingdom,web_login,High,Bot Attack
15,13,6,China,admin_panel,High,Credential Stuffing
31,7,27,Brazil,admin_panel,High,Bot Attack
22,12,15,India,web_login,High,Brute Force
27,8,29,Brazil,admin_panel,High,Brute Force
1,2,2,Brazil,web_login,Low,Normal
20,4,40,Australia,admin_panel,High,Bot Attack
13,11,6,Russia,admin_panel,High,Credential Stuffing
21,3,20,Australia,admin_panel,High,Bot Attack
8,8,6,United States,admin_panel,High,Credential Stuffing
33,9,16,China,web_login,High,Brute Force
19,7,17,Canada,web_login,High,Brute Force
10,9,4,Brazil,admin_panel,High,Credential Stuffing
23,11,27,United States,web_login,High,Brute Force
7,12,3,Brazil,web_login,High,Credential Stuffing
38,7,11,Canada,admin_panel,High,Brute Force
2,2,1,Australia,admin_panel,Low,Normal
34,8,13,India,admin_panel,High,Brute Force
6,12,3,France,web_login,High,Credential Stuffing
38,3,32,United Kingdom,web_login,High,Bot Attack
21,5,20,France,admin_panel,High,Brute Force
34,8,37,Australia,web_login,High,Bot Attack
55,3,22,Russia,web_login,High,Bot Attack
39,11,26,Australia,web_login,High,Brute Force
56,4,18,Russia,admin_panel,High,Bot Attack
3,2,0,France,admin_panel,Low,Normal
1,0,3,Germany,admin_panel,Low,Normal
24,12,26,Canada,admin_panel,High,Brute Force
28,7,28,Canada,web_login,High,Bot Attack
34,6,15,United States,web_login,High,Bot Attack
12,18,3,Australia,web_login,High,Credential Stuffing
9,17,3,India,web_login,High,Credential Stuffing
27,11,29,Canada,admin_panel,High,Brute Force
1,1,3,India,web_login,Low,Normal
3,2,1,United Kingdom,admin_panel,Low,Normal
14,19,3,Germany,admin_panel,High,Credential Stuffing
15,17,7,France,web_login,High,Credential Stuffing
21,7,16,Australia,web_login,High,Brute Force
20,5,19,China,admin_panel,High,Brute Force
8,9,5,United Kingdom,web_login,High,Credential Stuffing
37,10,12,Australia,web_login,High,Brute Force
31,7,23,France,admin_panel,High,Bot Attack
2,2,1,China,admin_panel,Low,Normal
19,7,14,Russia,web_login,High,Brute Force
6,12,5,Australia,admin_panel,High,Credential Stuffing
1,2,0,Canada,web_login,Low,Normal
20,9,22,Brazil,web_login,High,Brute Force
20,5,15,France,admin_panel,High,Bot Attack
1,1,3,United Kingdom,web_login,Low,Normal
38,8,10,Australia,web_login,High,Brute Force
8,17,6,Brazil,web_login,High,Credential Stuffing
14,20,7,Canada,web_login,High,Credential Stuffing
37,8,23,India,admin_panel,High,Bot Attack
28,8,24,China,admin_panel,High,Bot Attack
13,19,8,United States,admin_panel,High,Credential Stuffing
2,0,1,China,admin_panel,Low,Normal
12,12,18,Canada,web_login,High,Brute Force
10,6,19,United Kingdom,web_login,High,Brute Force
11,5,18,United States,admin_panel,High,Brute Force
13,17,8,India,web_login,High,Credential Stuffing
18,10,10,Brazil,admin_panel,High,Brute Force
30,9,25,France,web_login,High,Brute Force
35,10,24,Brazil,admin_panel,High,Brute Force
14,15,2,Australia,web_login,High,Credential Stuffing
19,8,18,United Kingdom,admin_panel,High,Brute Force
23,12,24,Canada,web_login,High,Brute Force
30,3,37,France,web_login,High,Bot Attack
47,7,36,India,admin_panel,High,Bot Attack
46,5,35,Russia,web_login,High,Bot Attack
24,3,37,China,admin_panel,High,Bot Attack
2,1,3,Australia,admin_panel,Low,Normal
6,13,2,India,admin_panel,High,Credential Stuffing
3,2,3,United States,admin_panel,Low,Normal
13,12,7,United Kingdom,admin_panel,High,Credential Stuffing
34,8,16,Australia,admin_panel,High,Bot Attack
37,7,20,United States,admin_panel,High,Bot Attack
10,17,4,Russia,admin_panel,High,Credential Stuffing
22,5,27,United Kingdom,admin_panel,High,Brute Force
12,7,19,Australia,web_login,High,Brute Force
6,18,7,France,web_login,High,Credential Stuffing
11,14,5,Brazil,admin_panel,High,Credential Stuffing
58,7,18,Australia,web_login,High,Bot Attack
40,8,10,France,web_login,High,Brute Force
14,18,5,France,admin_panel,High,Credential Stuffing
21,8,37,Canada,web_login,High,Bot Attack
15,8,12,Germany,web_login,High,Brute Force
3,2,2,United Kingdom,web_login,Low,Normal
13,15,5,India,web_login,High,Credential Stuffing
13,15,7,Canada,admin_panel,High,Credential Stuffing
13,10,21,Canada,web_login,High,Brute Force
11,17,7,Australia,web_login,High,Credential Stuffing
35,8,17,China,web_login,High,Bot Attack
3,2,0,Brazil,web_login,Low,Normal
1,0,3,India,admin_panel,Low,Normal
3,2,1,United Kingdom,web_login,Low,Normal
15,19,4,Australia,admin_panel,High,Credential Stuffing
26,7,22,Brazil,web_login,High,Bot Attack
2,1,1,France,admin_panel,Low,Normal
13,9,7,Germany,admin_panel,High,Credential Stuffing
13,12,5,Australia,admin_panel,High,Credential Stuffing
26,6,21,India,web_login,High,Brute Force
33,6,19,Russia,web_login,High,Bot Attack
3,2,3,Russia,admin_panel,Low,Normal
7,20,3,United Kingdom,web_login,High,Credential Stuffing
31,6,29,United States,web_login,High,Brute Force
1,1,2,United Kingdom,admin_panel,Low,Normal
3,0,3,Canada,admin_panel,Low,Normal
34,7,24,United States,admin_panel,High,Bot Attack
59,4,31,Germany,admin_panel,High,Bot Attack
2,0,3,Russia,admin_panel,Low,Normal
41,3,29,France,web_login,High,Bot Attack
17,12,20,Brazil,admin_panel,High,Brute Force
37,7,12,United States,web_login,High,Brute Force
8,14,3,Germany,admin_panel,High,Credential Stuffing
3,0,0,Brazil,admin_panel,Low,Normal
34,3,23,India,admin_panel,High,Bot Attack
24,5,25,Russia,admin_panel,High,Brute Force
13,18,7,China,admin_panel,High,Credential Stuffing
13,11,30,Germany,web_login,High,Brute Force
3,2,0,China,web_login,Low,Normal
8,19,6,India,admin_panel,High,Credential Stuffing
37,7,24,Brazil,web_login,High,Brute Force
34,7,19,United States,admin_panel,High,Bot Attack
49,3,25,India,web_login,High,Bot Attack
3,0,0,Canada,web_login,Low,Normal
1,0,0,India,web_login,Low,Normal
1,2,3,United Kingdom,web_login,Low,Normal
27,11,19,United Kingdom,admin_panel,High,Brute Force
47,7,27,India,admin_panel,High,Bot Attack
10,8,3,Canada,admin_panel,High,Credential Stuffing
1,1,0,United States,admin_panel,Low,Normal
10,16,4,United Kingdom,admin_panel,High,Credential Stuffing
16,10,25,France,admin_panel,High,Brute Force
11,18,2,France,web_login,High,Credential Stuffing
37,7,15,France,admin_panel,High,Brute Force
2,1,2,Canada,web_login,Low,Normal
1,0,0,United States,web_login,Low,Normal
5,11,4,United States,web_login,High,Credential Stuffing
2,0,3,United Kingdom,web_login,Low,Normal
6,19,2,United States,web_login,High,Credential Stuffing
13,9,23,United States,web_login,High,Brute Force
8,16,4,Canada,admin_panel,High,Credential Stuffing
20,8,34,China,admin_panel,High,Bot Attack
54,3,29,Germany,web_login,High,Bot Attack
10,19,4,India,web_login,High,Credential Stuffing
12,9,29,Brazil,admin_panel,High,Brute Force
41,4,24,France,admin_panel,High,Bot Attack
2,1,2,Germany,admin_panel,Low,Normal
35,10,25,India,admin_panel,High,Brute Force
31,6,26,Brazil,web_login,High,Brute Force
55,3,37,India,web_login,High,Bot Attack
2,1,0,Germany,admin_panel,Low,Normal
33,5,40,Russia,web_login,High,Bot Attack
14,6,13,Canada,admin_panel,High,Brute Force
14,19,2,Brazil,admin_panel,High,Credential Stuffing
2,1,2,Brazil,admin_panel,Low,Normal
3,2,2,Brazil,web_login,Low,Normal
12,15,7,Russia,web_login,High,Credential Stuffing
39,3,29,Russia,admin_panel,High,Bot Attack
40,5,38,China,web_login,High,Bot Attack
57,7,28,China,admin_panel,High,Bot Attack
32,6,35,Russia,admin_panel,High,Bot Attack
6,19,2,Canada,admin_panel,High,Credential Stuffing
20,3,32,France,admin_panel,High,Bot Attack
28,6,24,France,admin_panel,High,Bot Attack
19,11,17,Australia,web_login,High,Brute Force
3,1,0,United States,web_login,Low,Normal
3,0,2,Canada,web_login,Low,Normal
1,1,2,Germany,admin_panel,Low,Normal
12,17,5,Russia,web_login,High,Credential Stuffing
23,8,10,China,admin_panel,High,Brute Force
32,6,21,United States,admin_panel,High,Bot Attack
9,10,3,Russia,web_login,High,Credential Stuffing
1,0,3,Australia,admin_panel,Low,Normal
34,11,11,Brazil,web_login,High,Brute Force
5,18,2,Brazil,web_login,High,Credential Stuffing
30,7,27,Russia,web_login,High,Brute Force
34,8,16,Germany,admin_panel,High,Brute Force
53,8,23,United Kingdom,web_login,High,Bot Attack
38,6,34,Russia,web_login,High,Bot Attack
60,4,40,China,web_login,High,Bot Attack
33,8,33,Australia,web_login,High,Bot Attack
13,16,6,United Kingdom,admin_panel,High,Credential Stuffing
34,11,15,France,web_login,High,Brute Force
5,16,7,United Kingdom,web_login,High,Credential Stuffing
1,0,0,United Kingdom,admin_panel,Low,Normal
25,3,20,United Kingdom,web_login,High,Bot Attack
25,10,19,United States,admin_panel,High,Brute Force
20,7,27,India,admin_panel,High,Brute Force
49,6,40,China,admin_panel,High,Bot Attack
48,4,17,United States,web_login,High,Bot Attack
18,10,26,United States,web_login,High,Brute Force
5,13,5,China,admin_panel,High,Credential Stuffing
5,20,7,Canada,admin_panel,High,Credential Stuffing
1,2,1,Brazil,web_login,Low,Normal
6,20,3,Russia,admin_panel,High,Credential Stuffing
51,5,40,Australia,admin_panel,High,Bot Attack
5,18,2,France,web_login,High,Credential Stuffing
53,3,40,Brazil,admin_panel,High,Bot Attack
1,0,0,Australia,web_login,Low,Normal
44,6,28,Russia,web_login,High,Bot Attack
13,13,6,Australia,web_login,High,Credential Stuffing
15,7,23,Germany,web_login,High,Brute Force
12,6,28,Germany,web_login,High,Brute Force
26,12,20,United Kingdom,web_login,High,Brute Force
3,1,1,France,web_login,Low,Normal
2,2,3,France,web_login,Low,Normal
12,15,8,Brazil,web_login,High,Credential Stuffing
19,5,10,Brazil,admin_panel,High,Brute Force
2,2,1,China,admin_panel,Low,Normal
15,8,27,Russia,admin_panel,High,Brute Force
18,8,21,France,admin_panel,High,Brute Force
1,1,0,Australia,web_login,Low,Normal
19,5,15,France,admin_panel,High,Brute Force
2,2,1,United Kingdom,web_login,Low,Normal
7,19,6,United States,admin_panel,High,Credential Stuffing
11,20,6,China,web_login,High,Credential Stuffing
26,5,37,Russia,web_login,High,Bot Attack
24,12,16,Russia,admin_panel,High,Brute Force
31,7,19,China,web_login,High,Bot Attack
9,17,6,United Kingdom,web_login,High,Credential Stuffing
6,17,2,Canada,web_login,High,Credential Stuffing
1,0,0,Russia,admin_panel,Low,Normal
12,10,8,China,web_login,High,Credential Stuffing
11,10,3,China,admin_panel,High,Credential Stuffing
55,3,32,Russia,admin_panel,High,Bot Attack
9,9,5,China,web_login,High,Credential Stuffing
3,2,2,Germany,web_login,Low,Normal
27,5,22,India,admin_panel,High,Bot Attack
54,5,15,Australia,web_login,High,Bot Attack
26,7,29,Germany,web_login,High,Bot Attack
12,17,8,Russia,web_login,High,Credential Stuffing
14,15,6,France,web_login,High,Credential Stuffing
13,12,27,United States,web_login,High,Brute Force
14,19,4,Brazil,admin_panel,High,Credential Stuffing
8,8,6,United States,admin_panel,High,Credential Stuffing
26,5,15,United Kingdom,web_login,High,Bot Attack
44,7,35,France,web_login,High,Bot Attack
14,8,17,Australia,admin_panel,High,Brute Force
15,18,8,United States,web_login,High,Credential Stuffing
3,2,2,Brazil,admin_panel,Low,Normal
15,11,4,United Kingdom,admin_panel,High,Credential Stuffing
28,8,37,Canada,web_login,High,Bot Attack
10,8,14,Australia,admin_panel,High,Brute Force
9,9,4,China,web_login,High,Credential Stuffing
6,19,4,Canada,web_login,High,Credential Stuffing
15,13,8,India,web_login,High,Credential Stuffing
14,7,15,Germany,web_login,High,Brute Force
3,1,0,Germany,admin_panel,Low,Normal
32,6,24,Russia,admin_panel,High,Brute Force
35,5,33,Australia,web_login,High,Bot Attack
1,1,0,United States,web_login,Low,Normal
41,8,34,Russia,admin_panel,High,Bot Attack
26,5,29,United States,admin_panel,High,Bot Attack
20,8,13,India,admin_panel,High,Brute Force
14,12,4,United Kingdom,admin_panel,High,Credential Stuffing
12,15,8,Germany,web_login,High,Credential Stuffing
23,8,37,United Kingdom,admin_panel,High,Bot Attack
5,9,2,Russia,admin_panel,High,Credential Stuffing
38,5,29,Russia,admin_panel,High,Brute Force
2,1,3,United States,admin_panel,Low,Normal
31,8,11,United Kingdom,admin_panel,High,Brute Force
12,15,7,United Kingdom,web_login,High,Credential Stuffing
2,1,1,Australia,web_login,Low,Normal
10,8,6,Canada,admin_panel,High,Credential Stuffing
1,0,1,United Kingdom,web_login,Low,Normal
6,17,3,Germany,admin_panel,High,Credential Stuffing
38,5,28,United Kingdom,admin_panel,High,Bot Attack
37,6,29,France,admin_panel,High,Brute Force
16,10,19,Brazil,web_login,High,Brute Force
23,8,21,United Kingdom,web_login,High,Brute Force
7,15,6,France,web_login,High,Credential Stuffing
39,4,39,Canada,web_login,High,Bot Attack
33,5,22,United States,admin_panel,High,Bot Attack
57,3,20,United Kingdom,admin_panel,High,Bot Attack
13,8,23,United Kingdom,web_login,High,Brute Force
5,15,8,Canada,admin_panel,High,Credential Stuffing
43,3,21,United States,admin_panel,High,Bot Attack
14,7,22,Australia,web_login,High,Brute Force
3,2,0,China,web_login,Low,Normal
27,7,39,Canada,admin_panel,High,Bot Attack
7,10,8,Canada,admin_panel,High,Credential Stuffing
3,1,0,Australia,admin_panel,Low,Normal
2,1,3,India,web_login,Low,Normal
26,7,20,China,web_login,High,Bot Attack
2,1,1,France,web_login,Low,Normal
11,6,10,China,admin_panel,High,Brute Force
26,7,36,Russia,admin_panel,High,Bot Attack
11,16,4,Germany,web_login,High,Credential Stuffing
21,11,11,Australia,admin_panel,High,Brute Force
7,17,4,India,web_login,High,Credential Stuffing
22,4,32,Brazil,web_login,High,Bot Attack
32,8,20,Russia,web_login,High,Bot Attack
26,5,38,Germany,admin_panel,High,Bot Attack
32,5,10,Brazil,admin_panel,High,Brute Force
16,8,25,United States,admin_panel,High,Brute Force
43,7,36,China,admin_panel,High,Bot Attack
1,0,3,Russia,admin_panel,Low,Normal
5,11,8,China,admin_panel,High,Credential Stuffing
33,11,11,China,admin_panel,High,Brute Force
21,8,14,Russia,admin_panel,High,Brute Force
2,2,2,Russia,admin_panel,Low,Normal
2,0,2,France,web_login,Low,Normal
3,1,3,Australia,web_login,Low,Normal
3,1,0,Germany,admin_panel,Low,Normal
12,9,2,United States,admin_panel,High,Credential Stuffing
1,2,2,United Kingdom,web_login,Low,Normal
6,17,8,Germany,web_login,High,Credential Stuffing
2,2,3,United Kingdom,web_login,Low,Normal
28,10,19,Brazil,admin_panel,High,Brute Force
56,7,30,China,admin_panel,High,Bot Attack
13,5,26,India,web_login,High,Brute Force
3,0,2,China,web_login,Low,Normal
31,8,21,Russia,web_login,High,Bot Attack
2,2,1,Australia,admin_panel,Low,Normal
24,3,26,United States,web_login,High,Bot Attack
32,6,29,Canada,web_login,High,Brute Force
1,2,1,Germany,admin_panel,Low,Normal
34,4,38,Australia,admin_panel,High,Bot Attack
35,6,37,Russia,admin_panel,High,Bot Attack
1,0,1,United Kingdom,web_login,Low,Normal
30,4,21,Canada,web_login,High,Bot Attack
1,0,1,United States,admin_panel,Low,Normal
27,4,18,France,web_login,High,Bot Attack
37,6,25,France,web_login,High,Brute Force
42,7,38,India,admin_panel,High,Bot Attack
30,7,22,Canada,admin_panel,High,Bot Attack
38,5,17,China,admin_panel,High,Brute Force
15,12,25,United Kingdom,admin_panel,High,Brute Force
31,3,25,China,web_login,High,Bot Attack
39,8,26,United States,web_login,High,Bot Attack
1,0,1,Russia,admin_panel,Low,Normal
37,8,15,Russia,admin_panel,High,Brute Force
18,7,10,Russia,web_login,High,Brute Force
30,3,27,Australia,admin_panel,High,Bot Attack
53,7,26,Brazil,web_login,High,Bot Attack
11,12,4,Canada,web_login,High,Credential Stuffing
6,20,3,France,web_login,High,Credential Stuffing
60,7,16,France,web_login,High,Bot Attack
2,0,2,France,web_login,Low,Normal
22,9,20,United Kingdom,web_login,High,Brute Force
13,18,8,United Kingdom,admin_panel,High,Credential Stuffing
15,18,6,Australia,admin_panel,High,Credential Stuffing
16,10,27,Canada,admin_panel,High,Brute Force
6,15,3,Brazil,admin_panel,High,Credential Stuffing
11,11,8,India,admin_panel,High,Credential Stuffing
43,3,31,Germany,admin_panel,High,Bot Attack
8,11,3,Germany,admin_panel,High,Credential Stuffing
30,6,38,France,web_login,High,Bot Attack
23,3,27,Germany,web_login,High,Bot Attack
5,15,7,Germany,admin_panel,High,Credential Stuffing
10,16,6,Brazil,web_login,High,Credential Stuffing
1,1,0,China,admin_panel,Low,Normal
27,5,12,Canada,admin_panel,High,Brute Force
11,5,15,Canada,admin_panel,High,Brute Force
38,6,23,United States,web_login,High,Brute Force
2,0,3,Brazil,web_login,Low,Normal
29,8,29,Australia,web_login,High,Brute Force
13,10,5,Germany,admin_panel,High,Credential Stuffing
28,9,21,United Kingdom,web_login,High,Brute Force
49,8,40,China,admin_panel,High,Bot Attack
25,11,16,Germany,web_login,High,Brute Force
13,9,17,Brazil,web_login,High,Brute Force
2,2,0,France,web_login,Low,Normal
52,5,33,United States,admin_panel,High,Bot Attack
12,7,14,Canada,web_login,High,Brute Force
22,5,12,France,admin_panel,High,Brute Force
5,10,8,Brazil,admin_panel,High,Credential Stuffing
28,8,29,India,admin_panel,High,Bot Attack
3,2,2,Brazil,web_login,Low,Normal
25,5,28,China,admin_panel,High,Bot Attack
34,5,11,Russia,admin_panel,High,Brute Force
5,18,8,United States,web_login,High,Credential Stuffing
55,3,20,China,admin_panel,High,Bot Attack
54,6,34,France,web_login,High,Bot Attack
11,20,6,France,admin_panel,High,Credential Stuffing
23,9,21,United Kingdom,web_login,High,Brute Force
35,11,19,United Kingdom,admin_panel,High,Brute Force
43,8,18,Brazil,web_login,High,Bot Attack
9,14,3,Russia,admin_panel,High,Credential Stuffing
10,15,6,China,web_login,High,Credential Stuffing
10,8,30,Germany,admin_panel,High,Brute Force
49,3,27,China,web_login,High,Bot Attack
2,1,3,India,admin_panel,Low,Normal
1,0,3,China,web_login,Low,Normal
17,8,22,Russia,web_login,High,Brute Force
12,8,29,United Kingdom,admin_panel,High,Brute Force
1,2,2,Brazil,admin_panel,Low,Normal
38,11,23,Brazil,web_login,High,Brute Force
29,6,15,Australia,admin_panel,High,Brute Force
9,13,8,India,admin_panel,High,Credential Stuffing
2,1,3,China,admin_panel,Low,Normal
2,1,3,China,web_login,Low,Normal
20,5,19,India,web_login,High,Bot Attack
24,5,25,Russia,admin_panel,High,Bot Attack
25,10,24,Germany,web_login,High,Brute Force
45,8,39,China,web_login,High,Bot Attack
8,18,5,India,web_login,High,Credential Stuffing
1,1,2,United States,web_login,Low,Normal
3,2,0,Australia,admin_panel,Low,Normal
28,6,20,United Kingdom,admin_panel,High,Brute Force
29,6,17,Germany,web_login,High,Brute Force
35,4,34,Canada,web_login,High,Bot Attack
8,8,3,Canada,web_login,High,Credential Stuffing
6,13,5,United States,web_login,High,Credential Stuffing
11,12,22,United States,admin_panel,High,Brute Force
8,20,5,Canada,web_login,High,Credential Stuffing
1,1,3,Australia,admin_panel,Low,Normal
5,12,5,Germany,web_login,High,Credential Stuffing
7,15,4,Canada,web_login,High,Credential Stuffing
26,8,30,France,admin_panel,High,Brute Force
10,15,8,France,admin_panel,High,Credential Stuffing
35,12,11,United States,web_login,High,Brute Force
13,12,27,France,web_login,High,Brute Force
41,3,22,Australia,admin_panel,High,Bot Attack
11,11,6,United States,admin_panel,High,Credential Stuffing
39,9,10,France,web_login,High,Brute Force
15,6,22,India,admin_panel,High,Brute Force
11,9,15,United Kingdom,admin_panel,High,Brute Force
29,12,14,France,admin_panel,High,Brute Force
1,0,0,Russia,admin_panel,Low,Normal
24,5,37,France,admin_panel,High,Bot Attack
2,0,3,Germany,admin_panel,Low,Normal
2,2,2,Germany,web_login,Low,Normal
39,5,21,India,web_login,High,Brute Force
14,11,25,Australia,admin_panel,High,Brute Force
17,9,15,Brazil,admin_panel,High,Brute Force
1,1,1,Russia,web_login,Low,Normal
26,3,32,Brazil,admin_panel,High,Bot Attack
43,8,19,India,web_login,High,Bot Attack
11,16,8,Brazil,web_login,High,Credential Stuffing
1,2,1,Russia,web_login,Low,Normal
14,9,3,Australia,web_login,High,Credential Stuffing
1,0,3,United Kingdom,admin_panel,Low,Normal
7,13,5,France,web_login,High,Credential Stuffing
3,2,3,Brazil,web_login,Low,Normal
24,7,29,Brazil,web_login,High,Bot Attack
22,7,16,India,admin_panel,High,Brute Force
23,10,26,Australia,admin_panel,High,Brute Force
31,6,30,Australia,admin_panel,High,Brute Force
13,8,2,China,admin_panel,High,Credential Stuffing
39,8,14,China,web_login,High,Brute Force
41,5,19,Canada,admin_panel,High,Bot Attack
21,6,29,United Kingdom,admin_panel,High,Bot Attack
5,11,5,China,web_login,High,Credential Stuffing
13,8,6,Germany,admin_panel,High,Credential Stuffing
59,7,38,India,admin_panel,High,Bot Attack
8,12,5,France,admin_panel,High,Credential Stuffing
1,1,0,France,web_login,Low,Normal
29,6,32,United States,web_login,High,Bot Attack
3,0,0,Germany,web_login,Low,Normal
58,4,20,Australia,web_login,High,Bot Attack
1,0,1,Brazil,admin_panel,Low,Normal
15,17,3,United Kingdom,web_login,High,Credential Stuffing
19,10,25,China,web_login,High,Brute Force
30,12,28,China,admin_panel,High,Brute Force
29,8,36,Brazil,web_login,High,Bot Attack
37,6,19,United Kingdom,admin_panel,High,Brute Force
58,3,32,Canada,admin_panel,High,Bot Attack
11,16,3,Australia,admin_panel,High,Credential Stuffing
15,9,23,Canada,admin_panel,High,Brute Force
15,19,2,Australia,web_login,High,Credential Stuffing
6,18,4,Canada,admin_panel,High,Credential Stuffing
34,12,28,Germany,web_login,High,Brute Force
34,11,12,United States,admin_panel,High,Brute Force
39,3,39,Germany,web_login,High,Bot Attack
10,19,6,Australia,web_login,High,Credential Stuffing
20,10,19,France,web_login,High,Brute Force
6,17,6,Brazil,admin_panel,High,Credential Stuffing
36,12,15,Canada,admin_panel,High,Brute Force
15,15,2,United States,web_login,High,Credential Stuffing
9,8,8,Brazil,admin_panel,High,Credential Stuffing
33,11,14,Canada,web_login,High,Brute Force
2,2,2,Germany,web_login,Low,Normal
59,5,34,Australia,web_login,High,Bot Attack
2,0,3,India,web_login,Low,Normal
19,11,27,China,web_login,High,Brute Force
50,4,20,United States,admin_panel,High,Bot Attack
25,6,39,France,admin_panel,High,Bot Attack
28,12,21,United Kingdom,web_login,High,Brute Force
13,8,7,India,web_login,High,Credential Stuffing
52,3,19,United Kingdom,admin_panel,High,Bot Attack
32,5,21,Australia,web_login,High,Bot Attack
34,6,17,United States,admin_panel,High,Brute Force
40,10,21,India,admin_panel,High,Brute Force
11,7,27,Canada,admin_panel,High,Brute Force
26,3,31,Russia,admin_panel,High,Bot Attack
9,19,3,Brazil,web_login,High,Credential Stuffing
3,2,3,Germany,web_login,Low,Normal
2,0,1,Canada,admin_panel,Low,Normal
1,0,1,China,web_login,Low,Normal
12,19,2,Australia,admin_panel,High,Credential Stuffing
39,3,39,Germany,admin_panel,High,Bot Attack
10,13,7,Brazil,web_login,High,Credential Stuffing
40,6,35,China,admin_panel,High,Bot Attack
38,10,10,United States,web_login,High,Brute Force
11,15,6,Australia,admin_panel,High,Credential Stuffing
1,0,3,India,web_login,Low,Normal
3,1,1,Germany,admin_panel,Low,Normal
11,17,5,United States,admin_panel,High,Credential Stuffing
1,2,1,Canada,admin_panel,Low,Normal
44,8,36,United Kingdom,web_login,High,Bot Attack
28,5,17,Canada,web_login,High,Brute Force
38,6,15,France,web_login,High,Bot Attack
44,3,30,France,admin_panel,High,Bot Attack
1,2,1,Australia,web_login,Low,Normal
1,2,3,Germany,web_login,Low,Normal
24,3,29,United States,web_login,High,Bot Attack
11,18,8,France,web_login,High,Credential Stuffing
2,1,1,United Kingdom,admin_panel,Low,Normal
7,16,6,China,admin_panel,High,Credential Stuffing
7,10,8,United Kingdom,admin_panel,High,Credential Stuffing
22,7,15,France,web_login,High,Brute Force
48,4,23,Germany,admin_panel,High,Bot Attack
3,1,1,China,admin_panel,Low,Normal
3,1,0,Russia,web_login,Low,Normal
33,7,38,France,web_login,High,Bot Attack
9,17,3,United Kingdom,admin_panel,High,Credential Stuffing
45,7,21,United Kingdom,web_login,High,Bot Attack
1,2,3,Russia,admin_panel,Low,Normal
11,17,6,Australia,web_login,High,Credential Stuffing
3,0,1,India,web_login,Low,Normal
23,9,30,Germany,admin_panel,High,Brute Force
3,1,3,Canada,admin_panel,Low,Normal
10,11,5,United Kingdom,web_login,High,Credential Stuffing
17,11,15,Australia,web_login,High,Brute Force
26,8,19,France,admin_panel,High,Brute Force
22,7,15,China,admin_panel,High,Bot Attack
23,5,25,Canada,admin_panel,High,Brute Force
22,7,27,Russia,admin_panel,High,Brute Force
60,8,30,India,admin_panel,High,Bot Attack
7,19,6,Australia,admin_panel,High,Credential Stuffing
1,1,3,United States,web_login,Low,Normal
43,5,35,China,admin_panel,High,Bot Attack
3,1,1,Germany,web_login,Low,Normal
25,5,25,Russia,admin_panel,High,Bot Attack
36,4,36,Russia,web_login,High,Bot Attack
12,13,5,China,admin_panel,High,Credential Stuffing
10,9,7,France,web_login,High,Credential Stuffing
1,2,1,India,web_login,Low,Normal
15,10,3,Germany,web_login,High,Credential Stuffing
2,1,3,Canada,admin_panel,Low,Normal
40,12,23,India,admin_panel,High,Brute Force
34,5,20,Germany,web_login,High,Brute Force
27,6,10,India,admin_panel,High,Brute Force
35,9,22,France,admin_panel,High,Brute Force
2,0,1,United States,admin_panel,Low,Normal
2,0,1,United States,admin_panel,Low,Normal
52,7,36,Australia,admin_panel,High,Bot Attack
16,12,20,United Kingdom,web_login,High,Brute Force
2,2,0,China,admin_panel,Low,Normal
2,0,3,India,web_login,Low,Normal
33,6,27,India,web_login,High,Brute Force
1,0,2,Australia,admin_panel,Low,Normal
29,12,26,Germany,web_login,High,Brute Force
3,0,1,France,admin_panel,Low,Normal
10,15,3,Canada,admin_panel,High,Credential Stuffing
3,2,3,Brazil,web_login,Low,Normal
43,4,37,United States,admin_panel,High,Bot Attack
15,8,4,Australia,admin_panel,High,Credential Stuffing
3,2,2,France,web_login,Low,Normal
6,18,8,Brazil,admin_panel,High,Credential Stuffing
21,5,29,Russia,admin_panel,High,Brute Force
22,6,20,United Kingdom,web_login,High,Bot Attack
37,11,12,United States,admin_panel,High,Brute Force
1,1,3,France,admin_panel,Low,Normal
16,7,13,India,admin_panel,High,Brute Force
26,3,21,Russia,admin_panel,High,Bot Attack
28,7,25,Australia,web_login,High,Bot Attack
32,8,38,United States,admin_panel,High,Bot Attack
2,2,1,Russia,web_login,Low,Normal
40,10,20,Australia,admin_panel,High,Brute Force
15,5,28,Canada,web_login,High,Brute Force
58,5,33,Brazil,web_login,High,Bot Attack
18,5,13,United Kingdom,web_login,High,Brute Force
3,1,2,Australia,web_login,Low,Normal
3,2,1,India,web_login,Low,Normal
19,12,21,Canada,web_login,High,Brute Force
16,9,16,United States,admin_panel,High,Brute Force
28,7,31,India,web_login,High,Bot Attack
38,6,19,China,admin_panel,High,Brute Force
3,2,3,Australia,admin_panel,Low,Normal
46,7,22,United States,web_login,High,Bot Attack
12,12,4,Australia,admin_panel,High,Credential Stuffing
30,9,22,China,admin_panel,High,Brute Force
8,8,3,United Kingdom,admin_panel,High,Credential Stuffing
55,3,37,Canada,web_login,High,Bot Attack
55,7,15,Germany,admin_panel,High,Bot Attack
2,2,1,India,admin_panel,Low,Normal
2,1,0,Australia,admin_panel,Low,Normal
14,15,2,Canada,admin_panel,High,Credential Stuffing
39,7,23,Germany,admin_panel,High,Brute Force
54,8,37,Brazil,web_login,High,Bot Attack
34,6,15,Germany,admin_panel,High,Brute Force
15,12,3,India,admin_panel,High,Credential Stuffing
27,5,16,Canada,admin_panel,High,Bot Attack
1,0,0,Australia,web_login,Low,Normal
9,17,8,Australia,web_login,High,Credential Stuffing
3,2,2,France,web_login,Low,Normal
11,14,4,Australia,admin_panel,High,Credential Stuffing
2,2,3,Canada,web_login,Low,Normal
2,0,2,Germany,admin_panel,Low,Normal
11,11,20,Australia,admin_panel,High,Brute Force
10,11,12,France,web_login,High,Brute Force
1,2,3,Germany,web_login,Low,Normal
58,5,37,Australia,admin_panel,High,Bot Attack
32,9,30,Australia,admin_panel,High,Brute Force
14,11,6,Russia,admin_panel,High,Credential Stuffing
37,7,19,United Kingdom,web_login,High,Bot Attack
12,12,6,United States,web_login,High,Credential Stuffing
38,10,16,Brazil,admin_panel,High,Brute Force
10,8,23,United Kingdom,web_login,High,Brute Force
19,11,15,China,admin_panel,High,Brute Force
35,5,17,Russia,web_login,High,Brute Force
1,0,2,United States,admin_panel,Low,Normal
9,17,5,Russia,web_login,High,Credential Stuffing
37,3,30,France,admin_panel,High,Bot Attack
24,8,20,Russia,admin_panel,High,Brute Force
34,6,20,China,web_login,High,Brute Force
18,12,27,Russia,web_login,High,Brute Force
29,8,29,France,admin_panel,High,Brute Force
33,6,26,India,web_login,High,Bot Attack
11,10,19,Australia,admin_panel,High,Brute Force
49,3,27,India,web_login,High,Bot Attack
51,3,33,Australia,web_login,High,Bot Attack
15,15,6,China,admin_panel,High,Credential Stuffing
1,2,1,India,admin_panel,Low,Normal
2,2,1,Brazil,admin_panel,Low,Normal
1,0,0,United States,admin_panel,Low,Normal
11,13,2,Australia,admin_panel,High,Credential Stuffing
24,3,16,Brazil,web_login,High,Bot Attack
27,4,33,United States,web_login,High,Bot Attack
10,13,2,Russia,web_login,High,Credential Stuffing
30,8,16,Brazil,admin_panel,High,Bot Attack
15,11,8,China,web_login,High,Credential Stuffing
3,2,0,Germany,web_login,Low,Normal
5,12,8,Germany,web_login,High,Credential Stuffing
37,7,30,Australia,admin_panel,High,Brute Force
24,5,30,Australia,web_login,High,Brute Force
2,1,0,Russia,admin_panel,Low,Normal
39,8,36,India,web_login,High,Bot Attack
11,20,7,United Kingdom,web_login,High,Credential Stuffing
6,12,5,United States,admin_panel,High,Credential Stuffing
29,6,26,France,web_login,High,Brute Force
35,5,20,Australia,admin_panel,High,Brute Force
15,9,2,France,web_login,High,Credential Stuffing
19,8,28,United Kingdom,admin_panel,High,Brute Force
27,5,27,France,admin_panel,High,Brute Force
2,2,1,Canada,web_login,Low,Normal
12,8,28,United States,web_login,High,Brute Force
11,8,8,Brazil,admin_panel,High,Credential Stuffing
25,8,10,United States,admin_panel,High,Brute Force
1,0,1,China,admin_panel,Low,Normal
13,17,2,Australia,admin_panel,High,Credential Stuffing
24,8,17,France,admin_panel,High,Brute Force
21,7,28,India,admin_panel,High,Brute Force
1,2,3,China,web_login,Low,Normal
2,2,3,India,admin_panel,Low,Normal
32,9,28,United States,web_login,High,Brute Force
24,7,18,United States,admin_panel,High,Brute Force
31,6,20,United Kingdom,admin_panel,High,Brute Force
18,5,29,United States,admin_panel,High,Brute Force
32,7,21,United States,admin_panel,High,Brute Force
2,2,0,Canada,web_login,Low,Normal
20,6,23,India,admin_panel,High,Brute Force
1,0,0,Germany,web_login,Low,Normal
16,9,27,China,web_login,High,Brute Force
51,8,15,Brazil,web_login,High,Bot Attack
22,6,20,Germany,web_login,High,Bot Attack
59,8,38,Canada,admin_panel,High,Bot Attack
2,2,0,Brazil,admin_panel,Low,Normal
1,0,2,United States,admin_panel,Low,Normal
8,16,6,Australia,web_login,High,Credential Stuffing
1,0,2,India,admin_panel,Low,Normal
40,3,16,France,admin_panel,High,Bot Attack
13,18,5,Canada,web_login,High,Credential Stuffing
2,0,1,France,admin_panel,Low,Normal
31,9,22,Australia,admin_panel,High,Brute Force
18,9,17,Australia,admin_panel,High,Brute Force
55,4,37,Australia,admin_panel,High,Bot Attack
27,11,10,Brazil,web_login,High,Brute Force
8,19,4,Canada,web_login,High,Credential Stuffing
60,3,18,Russia,admin_panel,High,Bot Attack
3,1,2,Canada,web_login,Low,Normal
26,5,10,India,admin_panel,High,Brute Force
8,15,8,France,admin_panel,High,Credential Stuffing
15,12,6,France,web_login,High,Credential Stuffing
15,20,8,United Kingdom,web_login,High,Credential Stuffing
50,6,31,Germany,web_login,High,Bot Attack
2,1,3,United States,admin_panel,Low,Normal
40,6,18,United States,web_login,High,Brute Force
44,8,30,Canada,admin_panel,High,Bot Attack
12,6,20,Russia,web_login,High,Brute Force
1,1,0,China,web_login,Low,Normal
3,2,2,United States,web_login,Low,Normal
5,11,7,India,admin_panel,High,Credential Stuffing
1,1,2,Germany,admin_panel,Low,Normal
2,2,3,Australia,web_login,Low,Normal
9,14,7,Canada,web_login,High,Credential Stuffing
12,13,8,Germany,web_login,High,Credential Stuffing
23,7,27,Germany,admin_panel,High,Bot Attack
14,18,4,Australia,admin_panel,High,Credential Stuffing
31,8,15,India,admin_panel,High,Brute Force
31,8,20,Australia,admin_panel,High,Brute Force
6,19,8,Germany,web_login,High,Credential Stuffing
15,7,24,China,web_login,High,Brute Force
21,5,35,Russia,admin_panel,High,Bot Attack
2,2,1,United States,web_login,Low,Normal
28,12,22,Germany,admin_panel,High,Brute Force
15,11,5,Australia,admin_panel,High,Credential Stuffing
27,4,16,United States,web_login,High,Bot Attack
2,2,0,Germany,admin_panel,Low,Normal
8,13,8,United States,admin_panel,High,Credential Stuffing
45,4,33,France,web_login,High,Bot Attack
14,8,6,India,admin_panel,High,Credential Stuffing
15,18,7,United Kingdom,web_login,High,Credential Stuffing
54,8,22,United States,admin_panel,High,Bot Attack
15,15,4,India,admin_panel,High,Credential Stuffing
5,13,4,Russia,admin_panel,High,Credential Stuffing
10,13,5,United States,admin_panel,High,Credential Stuffing
14,15,5,Australia,web_login,High,Credential Stuffing
3,2,2,Australia,web_login,Low,Normal
22,6,38,Canada,admin_panel,High,Bot Attack
14,11,4,United States,web_login,High,Credential Stuffing
10,7,20,Brazil,web_login,High,Brute Force
22,6,28,United States,web_login,High,Brute Force
49,7,25,India,admin_panel,High,Bot Attack
45,7,35,Russia,admin_panel,High,Bot Attack
13,6,10,France,web_login,High,Brute Force
45,5,34,India,web_login,High,Bot Attack
5,9,5,France,web_login,High,Credential Stuffing
22,11,22,United Kingdom,admin_panel,High,Brute Force
36,9,23,Russia,web_login,High,Brute Force
14,8,7,Russia,admin_panel,High,Credential Stuffing
58,7,18,United States,admin_panel,High,Bot Attack
21,8,12,Russia,admin_panel,High,Brute Force
7,20,4,United Kingdom,admin_panel,High,Credential Stuffing
35,8,35,Russia,admin_panel,High,Bot Attack
54,3,25,United Kingdom,admin_panel,High,Bot Attack
10,19,3,Germany,admin_panel,High,Credential Stuffing
28,7,26,United States,web_login,High,Brute Force
1,1,2,United Kingdom,web_login,Low,Normal
25,8,12,Australia,admin_panel,High,Brute Force
10,17,6,India,admin_panel,High,Credential Stuffing
3,0,0,Russia,admin_panel,Low,Normal
13,9,16,Germany,admin_panel,High,Brute Force
3,0,3,Australia,web_login,Low,Normal
1,2,1,Russia,web_login,Low,Normal
2,0,2,Russia,web_login,Low,Normal
53,5,24,Canada,web_login,High,Bot Attack
10,9,26,Australia,web_login,High,Brute Force
15,13,7,India,admin_panel,High,Credential Stuffing
3,1,0,United Kingdom,admin_panel,Low,Normal
60,7,40,Australia,admin_panel,High,Bot Attack
12,11,2,Australia,web_login,High,Credential Stuffing
44,3,24,Brazil,admin_panel,High,Bot Attack
6,17,2,Russia,web_login,High,Credential Stuffing
14,9,4,United States,admin_panel,High,Credential Stuffing
1,1,0,Russia,admin_panel,Low,Normal
2,2,2,China,web_login,Low,Normal
45,6,39,Germany,web_login,High,Bot Attack
30,8,18,India,admin_panel,High,Bot Attack
9,13,7,China,web_login,High,Credential Stuffing
12,7,30,Australia,admin_panel,High,Brute Force
14,20,4,China,admin_panel,High,Credential Stuffing
37,9,28,China,web_login,High,Brute Force
5,14,6,France,admin_panel,High,Credential Stuffing
33,5,16,Australia,web_login,High,Brute Force
21,9,25,Brazil,admin_panel,High,Brute Force
26,6,40,Russia,web_login,High,Bot Attack
1,1,0,Canada,admin_panel,Low,Normal
45,3,17,Brazil,admin_panel,High,Bot Attack
9,18,2,France,admin_panel,High,Credential Stuffing
44,5,16,Canada,admin_panel,High,Bot Attack
50,8,17,United Kingdom,admin_panel,High,Bot Attack
3,2,1,Germany,web_login,Low,Normal
37,10,28,India,web_login,High,Brute Force
15,12,5,Germany,web_login,High,Credential Stuffing
55,5,38,Germany,admin_panel,High,Bot Attack
21,8,37,Brazil,web_login,High,Bot Attack
1,0,0,United States,web_login,Low,Normal
12,18,3,Brazil,web_login,High,Credential Stuffing
18,7,10,India,web_login,High,Brute Force
8,18,7,France,admin_panel,High,Credential Stuffing
51,7,16,United Kingdom,web_login,High,Bot Attack
36,9,15,Russia,admin_panel,High,Brute Force
20,3,15,Australia,admin_panel,High,Bot Attack
1,1,0,Australia,admin_panel,Low,Normal
13,18,8,India,admin_panel,High,Credential Stuffing
6,9,7,United States,web_login,High,Credential Stuffing
3,0,0,Australia,admin_panel,Low,Normal
13,11,2,Canada,web_login,High,Credential Stuffing
55,3,32,Germany,admin_panel,High,Bot Attack
34,11,22,United Kingdom,admin_panel,High,Brute Force
1,0,2,France,web_login,Low,Normal
41,5,31,United States,admin_panel,High,Bot Attack
20,8,29,United States,admin_panel,High,Brute Force
45,4,26,France,admin_panel,High,Bot Attack
3,2,0,India,web_login,Low,Normal
23,11,11,United States,admin_panel,High,Brute Force
11,9,4,United Kingdom,admin_panel,High,Credential Stuffing
48,4,38,Australia,admin_panel,High,Bot Attack
3,2,1,China,admin_panel,Low,Normal
15,8,4,Brazil,web_login,High,Credential Stuffing
30,6,38,Australia,web_login,High,Bot Attack
54,7,25,Canada,admin_panel,High,Bot Attack
5,20,3,Russia,admin_panel,High,Credential Stuffing
15,8,7,Russia,web_login,High,Credential Stuffing
40,3,29,Russia,web_login,High,Bot Attack
3,2,1,Canada,admin_panel,Low,Normal
11,20,8,Canada,web_login,High,Credential Stuffing
37,3,38,Canada,admin_panel,High,Bot Attack
9,14,6,Brazil,web_login,High,Credential Stuffing
15,15,8,United Kingdom,web_login,High,Credential Stuffing
32,7,25,United Kingdom,web_login,High,Bot Attack
3,2,3,Russia,web_login,Low,Normal
1,2,3,United States,admin_panel,Low,Normal
8,17,6,China,admin_panel,High,Credential Stuffing
16,7,11,Australia,admin_panel,High,Brute Force
30,8,25,India,web_login,High,Brute Force
8,19,2,United Kingdom,web_login,High,Credential Stuffing
3,0,3,Canada,web_login,Low,Normal
11,9,7,Germany,web_login,High,Credential Stuffing
6,20,7,Brazil,web_login,High,Credential Stuffing
31,6,19,Germany,web_login,High,Bot Attack
44,4,20,Canada,web_login,High,Bot Attack
2,1,3,France,web_login,Low,Normal
46,3,23,Australia,admin_panel,High,Bot Attack
34,10,30,Canada,admin_panel,High,Brute Force
49,8,37,China,admin_panel,High,Bot Attack
57,4,29,France,admin_panel,High,Bot Attack
1,1,0,Germany,admin_panel,Low,Normal
42,4,29,Brazil,admin_panel,High,Bot Attack
11,18,8,China,web_login,High,Credential Stuffing
23,11,16,France,web_login,High,Brute Force
1,2,3,Canada,web_login,Low,Normal
52,4,26,India,web_login,High,Bot Attack
33,3,26,United States,admin_panel,High,Bot Attack
16,11,24,United States,web_login,High,Brute Force
2,1,0,Germany,admin_panel,Low,Normal
6,8,2,Australia,admin_panel,High,Credential Stuffing
1,1,2,United States,admin_panel,Low,Normal
45,5,31,Canada,web_login,High,Bot Attack
8,12,2,United States,admin_panel,High,Credential Stuffing
2,2,1,Brazil,web_login,Low,Normal
13,8,8,Russia,web_login,High,Credential Stuffing
21,7,34,Canada,web_login,High,Bot Attack
3,0,2,India,web_login,Low,Normal
8,14,3,Canada,web_login,High,Credential Stuffing
24,7,29,United States,web_login,High,Bot Attack
1,1,2,United Kingdom,web_login,Low,Normal
23,11,30,China,admin_panel,High,Brute Force
3,0,1,Russia,admin_panel,Low,Normal
13,19,5,Australia,admin_panel,High,Credential Stuffing
34,6,21,Australia,web_login,High,Bot Attack
22,9,25,France,web_login,High,Brute Force
56,4,35,Germany,web_login,High,Bot Attack
31,10,15,Germany,admin_panel,High,Brute Force
52,7,39,Australia,admin_panel,High,Bot Attack
12,8,7,China,admin_panel,High,Credential Stuffing
26,5,36,Australia,web_login,High,Bot Attack
22,6,23,Australia,web_login,High,Brute Force
1,0,1,China,web_login,Low,Normal
3,2,0,Australia,web_login,Low,Normal
29,6,20,China,web_login,High,Brute Force
10,20,6,China,admin_panel,High,Credential Stuffing
18,8,26,Canada,web_login,High,Brute Force
20,11,27,United States,web_login,High,Brute Force
10,5,27,United States,admin_panel,High,Brute Force
47,4,23,Germany,web_login,High,Bot Attack
13,15,6,Canada,admin_panel,High,Credential Stuffing
31,12,11,India,admin_panel,High,Brute Force
22,11,10,Russia,web_login,High,Brute Force
57,7,34,Canada,admin_panel,High,Bot Attack
37,9,23,France,web_login,High,Brute Force
3,1,1,Australia,admin_panel,Low,Normal
31,8,19,Brazil,admin_panel,High,Brute Force
32,8,22,China,admin_panel,High,Brute Force
12,10,7,Brazil,web_login,High,Credential Stuffing
23,4,35,United Kingdom,admin_panel,High,Bot Attack
1,2,1,China,web_login,Low,Normal
1,0,0,Canada,web_login,Low,Normal
24,5,14,India,admin_panel,High,Brute Force
12,8,2,China,web_login,High,Credential Stuffing
2,0,1,India,admin_panel,Low,Normal
37,6,35,United Kingdom,admin_panel,High,Bot Attack
23,12,27,Russia,web_login,High,Brute Force
34,6,38,Russia,web_login,High,Bot Attack
9,17,2,France,web_login,High,Credential Stuffing
2,1,1,Canada,web_login,Low,Normal
16,11,20,India,web_login,High,Brute Force
15,19,6,United Kingdom,web_login,High,Credential Stuffing
15,12,7,Brazil,admin_panel,High,Credential Stuffing
1,2,1,India,web_login,Low,Normal
3,2,2,France,admin_panel,Low,Normal
6,13,5,Russia,admin_panel,High,Credential Stuffing
38,7,29,Russia,admin_panel,High,Brute Force
1,1,3,United Kingdom,admin_panel,Low,Normal
3,2,3,Australia,web_login,Low,Normal
2,0,2,Brazil,admin_panel,Low,Normal
11,19,6,China,admin_panel,High,Credential Stuffing
29,11,21,France,admin_panel,High,Brute Force
33,8,28,United States,admin_panel,High,Brute Force
30,7,25,China,admin_panel,High,Bot Attack
12,10,8,Russia,web_login,High,Credential Stuffing
38,9,22,Russia,web_login,High,Brute Force
2,2,1,Russia,web_login,Low,Normal
3,2,2,Australia,web_login,Low,Normal
3,2,1,United States,admin_panel,Low,Normal
2,2,1,Germany,web_login,Low,Normal
2,1,2,Russia,admin_panel,Low,Normal
57,6,38,Australia,admin_panel,High,Bot Attack
59,3,18,China,web_login,High,Bot Attack
1,2,2,United States,web_login,Low,Normal
1,1,3,United Kingdom,web_login,Low,Normal
22,6,28,Brazil,web_login,High,Brute Force
34,3,40,India,web_login,High,Bot Attack
21,8,15,India,admin_panel,High,Brute Force
14,9,3,Russia,admin_panel,High,Credential Stuffing
14,15,2,United Kingdom,web_login,High,Credential Stuffing
12,9,11,India,web_login,High,Brute Force
59,3,26,United Kingdom,web_login,High,Bot Attack
30,6,25,Brazil,web_login,High,Brute Force
34,6,21,Brazil,admin_panel,High,Bot Attack
3,2,0,United States,web_login,Low,Normal
37,6,22,France,web_login,High,Bot Attack
3,2,3,China,web_login,Low,Normal
17,12,10,Germany,admin_panel,High,Brute Force
8,12,6,United Kingdom,web_login,High,Credential Stuffing
3,1,0,France,web_login,Low,Normal
2,2,2,France,admin_panel,Low,Normal
30,4,20,United Kingdom,admin_panel,High,Bot Attack
49,7,35,Canada,web_login,High,Bot Attack
57,7,37,India,web_login,High,Bot Attack
8,18,8,Brazil,web_login,High,Credential Stuffing
23,5,15,Russia,admin_panel,High,Bot Attack
48,8,23,France,admin_panel,High,Bot Attack
7,15,2,France,admin_panel,High,Credential Stuffing
1,2,3,United Kingdom,web_login,Low,Normal
15,10,15,Brazil,web_login,High,Brute Force
10,8,6,Australia,admin_panel,High,Credential Stuffing
20,3,33,France,admin_panel,High,Bot Attack
44,6,32,Canada,web_login,High,Bot Attack
5,19,7,India,web_login,High,Credential Stuffing
6,9,3,Australia,web_login,High,Credential Stuffing
42,7,18,United States,admin_panel,High,Bot Attack
6,20,5,United States,admin_panel,High,Credential Stuffing
15,11,2,France,web_login,High,Credential Stuffing
38,12,27,France,admin_panel,High,Brute Force
3,1,3,France,web_login,Low,Normal
12,11,2,United Kingdom,web_login,High,Credential Stuffing
12,10,4,Germany,web_login,High,Credential Stuffing
10,12,5,Russia,admin_panel,High,Credential Stuffing
35,10,18,India,web_login,High,Brute Force
3,0,0,Canada,web_login,Low,Normal
3,0,0,China,web_login,Low,Normal
9,13,7,Brazil,admin_panel,High,Credential Stuffing
9,20,7,United Kingdom,web_login,High,Credential Stuffing
28,5,26,Germany,admin_panel,High,Brute Force
21,9,26,India,web_login,High,Brute Force
27,6,21,Germany,web_login,High,Bot Attack
1,2,1,Germany,web_login,Low,Normal
40,7,21,Brazil,admin_panel,High,Brute Force
22,4,15,India,web_login,High,Bot Attack
11,9,14,Brazil,admin_panel,High,Brute Force
13,8,7,United States,web_login,High,Credential Stuffing
58,5,24,Canada,web_login,High,Bot Attack
15,5,13,Russia,admin_panel,High,Brute Force
27,7,18,Russia,admin_panel,High,Brute Force
10,15,6,Germany,web_login,High,Credential Stuffing
14,12,2,Russia,web_login,High,Credential Stuffing
17,10,27,India,admin_panel,High,Brute Force
33,7,40,Australia,web_login,High,Bot Attack
3,2,3,Canada,admin_panel,Low,Normal
23,5,20,Canada,admin_panel,High,Bot Attack
3,1,2,United States,admin_panel,Low,Normal
22,5,20,France,admin_panel,High,Brute Force
52,8,26,United Kingdom,web_login,High,Bot Attack
56,6,15,Brazil,admin_panel,High,Bot Attack
2,1,0,Australia,admin_panel,Low,Normal
3,0,0,Russia,web_login,Low,Normal
9,19,6,Australia,admin_panel,High,Credential Stuffing
14,9,14,China,web_login,High,Brute Force
49,5,15,Germany,admin_panel,High,Bot Attack
3,0,0,India,admin_panel,Low,Normal
54,5,22,India,admin_panel,High,Bot Attack
7,14,2,France,web_login,High,Credential Stuffing
21,6,21,Russia,admin_panel,High,Bot Attack
49,8,18,India,admin_panel,High,Bot Attack
20,8,25,Russia,admin_panel,High,Brute Force
10,9,7,Russia,web_login,High,Credential Stuffing
33,5,18,Germany,admin_panel,High,Bot Attack
14,8,3,Canada,admin_panel,High,Credential Stuffing
39,7,24,Germany,admin_panel,High,Bot Attack
5,13,4,United States,web_login,High,Credential Stuffing
9,11,8,United Kingdom,web_login,High,Credential Stuffing
43,5,38,Russia,web_login,High,Bot Attack
3,2,1,United Kingdom,web_login,Low,Normal
1,1,1,Australia,web_login,Low,Normal
39,12,27,United States,admin_panel,High,Brute Force
10,7,27,Brazil,admin_panel,High,Brute Force
29,10,14,Russia,admin_panel,High,Brute Force
47,7,40,Russia,web_login,High,Bot Attack
9,9,6,India,web_login,High,Credential Stuffing
3,2,3,Brazil,admin_panel,Low,Normal
47,5,37,Germany,admin_panel,High,Bot Attack
44,5,38,Brazil,web_login,High,Bot Attack
21,8,30,Germany,admin_panel,High,Brute Force
53,3,31,Russia,web_login,High,Bot Attack
22,7,34,Germany,web_login,High,Bot Attack
5,10,8,Brazil,admin_panel,High,Credential Stuffing
20,3,33,Germany,admin_panel,High,Bot Attack
26,7,21,Russia,admin_panel,High,Brute Force
3,1,0,India,admin_panel,Low,Normal
20,7,19,India,web_login,High,Brute Force
1,2,3,China,admin_panel,Low,Normal
3,0,0,Australia,web_login,Low,Normal
39,5,27,United States,admin_panel,High,Bot Attack
14,10,15,Germany,admin_panel,High,Brute Force
11,15,6,China,admin_panel,High,Credential Stuffing
3,0,3,Germany,web_login,Low,Normal
1,2,0,Germany,admin_panel,Low,Normal
55,4,39,Australia,web_login,High,Bot Attack
3,1,2,France,web_login,Low,Normal
5,8,6,Russia,admin_panel,High,Credential Stuffing
2,2,2,Germany,web_login,Low,Normal
12,10,13,Germany,admin_panel,High,Brute Force
14,14,3,United Kingdom,web_login,High,Credential Stuffing
37,7,21,China,web_login,High,Brute Force
14,9,7,United States,web_login,High,Credential Stuffing
44,3,27,Australia,admin_panel,High,Bot Attack
39,10,30,India,web_login,High,Brute Force
1,0,1,United States,web_login,Low,Normal
21,11,14,Russia,admin_panel,High,Brute Force
33,7,35,India,web_login,High,Bot Attack
6,14,4,Brazil,admin_panel,High,Credential Stuffing
10,11,26,United States,web_login,High,Brute Force
27,4,29,Canada,admin_panel,High,Bot Attack
13,20,2,United States,web_login,High,Credential Stuffing
3,2,1,Australia,web_login,Low,Normal
13,17,2,Germany,admin_panel,High,Credential Stuffing
54,4,25,Brazil,admin_panel,High,Bot Attack
2,1,3,United Kingdom,admin_panel,Low,Normal
7,19,7,India,admin_panel,High,Credential Stuffing
2,2,2,Russia,web_login,Low,Normal
3,0,2,India,web_login,Low,Normal
26,9,14,Brazil,web_login,High,Brute Force
3,0,3,India,admin_panel,Low,Normal
32,12,10,Germany,admin_panel,High,Brute Force
20,3,33,Russia,admin_panel,High,Bot Attack
13,9,13,United Kingdom,admin_panel,High,Brute Force
25,5,20,Australia,web_login,High,Bot Attack
3,1,2,China,admin_panel,Low,Normal
25,5,14,India,web_login,High,Brute Force
55,8,39,United States,web_login,High,Bot Attack
2,1,0,France,web_login,Low,Normal
36,5,32,Australia,admin_panel,High,Bot Attack
27,5,26,Brazil,admin_panel,High,Bot Attack
1,2,0,China,admin_panel,Low,Normal
48,7,26,France,admin_panel,High,Bot Attack
30,7,10,India,web_login,High,Brute Force
19,8,24,France,admin_panel,High,Brute Force
39,10,10,Germany,admin_panel,High,Brute Force
13,9,2,China,admin_panel,High,Credential Stuffing
15,9,26,France,admin_panel,High,Brute Force
53,3,28,China,admin_panel,High,Bot Attack
11,11,17,Russia,web_login,High,Brute Force
31,5,37,Russia,admin_panel,High,Bot Attack
1,1,1,United States,web_login,Low,Normal
3,2,1,Brazil,web_login,Low,Normal
31,10,22,Germany,web_login,High,Brute Force
2,2,0,India,web_login,Low,Normal
5,18,8,China,web_login,High,Credential Stuffing
41,3,20,Brazil,admin_panel,High,Bot Attack
25,4,35,China,admin_panel,High,Bot Attack
31,7,38,France,web_login,High,Bot Attack
45,3,23,France,web_login,High,Bot Attack
56,3,38,France,admin_panel,High,Bot Attack
10,14,4,France,web_login,High,Credential Stuffing
49,3,27,Canada,web_login,High,Bot Attack
1,1,2,France,web_login,Low,Normal
30,8,29,Brazil,admin_panel,High,Bot Attack
14,12,7,United States,web_login,High,Credential Stuffing
3,2,1,France,web_login,Low,Normal
25,7,17,Russia,web_login,High,Bot Attack
15,5,14,France,admin_panel,High,Brute Force
46,5,31,Australia,web_login,High,Bot Attack
55,8,32,United Kingdom,web_login,High,Bot Attack
12,10,5,United Kingdom,web_login,High,Credential Stuffing
42,7,32,Germany,admin_panel,High,Bot Attack
3,1,2,Canada,admin_panel,Low,Normal
32,7,40,France,web_login,High,Bot Attack
38,7,16,Brazil,admin_panel,High,Brute Force
43,8,18,India,admin_panel,High,Bot Attack
3,0,3,United States,admin_panel,Low,Normal
3,1,3,Russia,web_login,Low,Normal
36,11,30,Russia,web_login,High,Brute Force
37,5,29,Germany,web_login,High,Brute Force
52,6,17,United States,admin_panel,High,Bot Attack
56,7,20,Germany,web_login,High,Bot Attack
32,4,19,Germany,admin_panel,High,Bot Attack
2,1,0,Russia,admin_panel,Low,Normal
30,11,18,India,web_login,High,Brute Force
56,7,27,Canada,web_login,High,Bot Attack
34,8,20,India,web_login,High,Bot Attack
36,8,15,India,admin_panel,High,Brute Force
3,1,2,France,web_login,Low,Normal
2,2,3,Germany,admin_panel,Low,Normal
22,5,38,United States,web_login,High,Bot Attack
48,3,23,India,admin_panel,High,Bot Attack
40,10,27,Brazil,admin_panel,High,Brute Force
18,5,29,United States,admin_panel,High,Brute Force
3,0,3,United Kingdom,admin_panel,Low,Normal
8,15,4,Australia,admin_panel,High,Credential Stuffing
17,12,17,Germany,web_login,High,Brute Force
1,1,2,United Kingdom,admin_panel,Low,Normal
51,6,23,Russia,admin_panel,High,Bot Attack
29,7,16,China,admin_panel,High,Brute Force
2,2,3,Canada,admin_panel,Low,Normal
37,4,39,France,web_login,High,Bot Attack
55,6,30,United Kingdom,web_login,High,Bot Attack
12,16,5,China,web_login,High,Credential Stuffing
2,0,3,Brazil,admin_panel,Low,Normal
14,14,5,United Kingdom,admin_panel,High,Credential Stuffing
2,2,3,United States,admin_panel,Low,Normal
15,10,7,China,admin_panel,High,Credential Stuffing
19,8,29,India,admin_panel,High,Brute Force
24,4,19,China,admin_panel,High,Bot Attack
60,7,17,United Kingdom,web_login,High,Bot Attack
18,11,21,Australia,web_login,High,Brute Force
41,7,18,France,web_login,High,Bot Attack
26,5,39,United States,admin_panel,High,Bot Attack
24,4,33,Russia,admin_panel,High,Bot Attack
1,0,2,Brazil,web_login,Low,Normal
20,11,10,Brazil,web_login,High,Brute Force
9,17,4,United Kingdom,admin_panel,High,Credential Stuffing
2,0,3,China,admin_panel,Low,Normal
10,10,18,France,admin_panel,High,Brute Force
1,1,1,United Kingdom,admin_panel,Low,Normal
3,2,3,Russia,web_login,Low,Normal
10,8,17,India,web_login,High,Brute Force
15,17,8,United States,admin_panel,High,Credential Stuffing
14,10,12,Australia,admin_panel,High,Brute Force
58,3,20,France,web_login,High,Bot Attack
3,1,3,Brazil,admin_panel,Low,Normal
2,0,0,Australia,web_login,Low,Normal
9,11,6,United Kingdom,admin_panel,High,Credential Stuffing
30,8,28,Germany,admin_panel,High,Bot Attack
59,6,16,Australia,admin_panel,High,Bot Attack
28,8,17,United States,admin_panel,High,Bot Attack
13,13,4,China,web_login,High,Credential Stuffing
35,12,12,Australia,admin_panel,High,Brute Force
53,5,37,Australia,web_login,High,Bot Attack
15,5,13,Canada,admin_panel,High,Brute Force
40,8,23,United Kingdom,web_login,High,Brute Force
59,5,27,Germany,admin_panel,High,Bot Attack
52,7,27,Germany,admin_panel,High,Bot Attack
14,8,21,Brazil,admin_panel,High,Brute Force
33,7,26,United Kingdom,web_login,High,Bot Attack
26,5,23,Brazil,web_login,High,Bot Attack
12,20,3,Brazil,admin_panel,High,Credential Stuffing
8,9,3,Brazil,admin_panel,High,Credential Stuffing
7,13,6,United Kingdom,web_login,High,Credential Stuffing
34,7,21,India,web_login,High,Bot Attack
33,7,13,France,web_login,High,Brute Force
16,7,16,Canada,web_login,High,Brute Force
15,15,4,United Kingdom,admin_panel,High,Credential Stuffing
7,12,4,United Kingdom,admin_panel,High,Credential Stuffing
12,8,16,United States,admin_panel,High,Brute Force
56,7,17,Brazil,web_login,High,Bot Attack
36,11,28,China,admin_panel,High,Brute Force
11,13,8,United States,web_login,High,Credential Stuffing
31,12,26,France,web_login,High,Brute Force
39,7,28,United States,admin_panel,High,Bot Attack
17,5,21,United States,admin_panel,High,Brute Force
11,19,6,United Kingdom,web_login,High,Credential Stuffing
7,14,8,France,admin_panel,High,Credential Stuffing
5,20,8,China,admin_panel,High,Credential Stuffing
41,5,21,China,web_login,High,Bot Attack
34,12,23,China,admin_panel,High,Brute Force
8,20,5,India,web_login,High,Credential Stuffing
1,1,3,Russia,web_login,Low,Normal
47,6,38,Australia,web_login,High,Bot Attack
3,1,2,Canada,admin_panel,Low,Normal
23,10,29,Australia,web_login,High,Brute Force
1,2,2,India,web_login,Low,Normal
42,3,16,France,admin_panel,High,Bot Attack
8,12,4,France,admin_panel,High,Credential Stuffing
13,10,5,Brazil,web_login,High,Credential Stuffing
56,5,30,France,admin_panel,High,Bot Attack
15,18,5,Germany,admin_panel,High,Credential Stuffing
30,4,21,China,admin_panel,High,Bot Attack
1,0,1,United States,web_login,Low,Normal
22,5,19,United Kingdom,web_login,High,Bot Attack
1,0,1,Brazil,admin_panel,Low,Normal
39,8,16,France,admin_panel,High,Bot Attack
6,17,6,Brazil,admin_panel,High,Credential Stuffing
38,8,19,India,web_login,High,Bot Attack
1,0,1,Brazil,web_login,Low,Normal
1,2,2,Germany,web_login,Low,Normal
12,9,11,Australia,web_login,High,Brute Force
39,5,15,Brazil,web_login,High,Bot Attack
10,13,4,Canada,web_login,High,Credential Stuffing
35,6,25,Australia,admin_panel,High,Brute Force
1,0,1,Brazil,web_login,Low,Normal
1,1,0,United Kingdom,web_login,Low,Normal
3,2,3,Germany,admin_panel,Low,Normal
16,12,25,United States,admin_panel,High,Brute Force
15,9,26,India,web_login,High,Brute Force
1,0,2,Canada,admin_panel,Low,Normal
40,5,12,China,admin_panel,High,Brute Force
17,12,29,Russia,web_login,High,Brute Force
29,5,22,United States,admin_panel,High,Bot Attack
2,0,0,Brazil,web_login,Low,Normal
36,5,33,Germany,admin_panel,High,Bot Attack
35,12,26,India,web_login,High,Brute Force
3,0,0,Germany,web_login,Low,Normal
6,18,4,France,admin_panel,High,Credential Stuffing
9,16,8,United Kingdom,admin_panel,High,Credential Stuffing
13,14,4,China,web_login,High,Credential Stuffing
42,5,15,Russia,admin_panel,High,Bot Attack
7,12,5,United Kingdom,admin_panel,High,Credential Stuffing
5,18,5,Russia,admin_panel,High,Credential Stuffing
15,5,17,Australia,admin_panel,High,Brute Force
21,5,21,France,web_login,High,Brute Force
38,5,10,United Kingdom,admin_panel,High,Brute Force
2,2,1,Russia,admin_panel,Low,Normal
11,9,12,France,admin_panel,High,Brute Force
5,16,7,Australia,web_login,High,Credential Stuffing
50,7,18,Canada,admin_panel,High,Bot Attack
2,0,1,China,web_login,Low,Normal
10,12,15,China,admin_panel,High,Brute Force
3,1,2,Brazil,web_login,Low,Normal
35,10,17,Canada,web_login,High,Brute Force
28,7,13,China,web_login,High,Brute Force
10,17,7,Germany,web_login,High,Credential Stuffing
20,3,18,France,admin_panel,High,Bot Attack
17,9,29,India,web_login,High,Brute Force
16,8,10,China,admin_panel,High,Brute Force
15,12,17,Brazil,admin_panel,High,Brute Force
16,6,17,United Kingdom,web_login,High,Brute Force
21,12,23,Germany,web_login,High,Brute Force
28,7,34,Brazil,admin_panel,High,Bot Attack
12,11,7,Russia,web_login,High,Credential Stuffing
45,7,29,India,admin_panel,High,Bot Attack
14,15,4,United Kingdom,web_login,High,Credential Stuffing
3,0,0,United Kingdom,admin_panel,Low,Normal
1,2,1,Canada,admin_panel,Low,Normal
11,7,26,Russia,web_login,High,Brute Force
1,0,1,United Kingdom,web_login,Low,Normal
2,1,3,United States,web_login,Low,Normal
57,7,21,United Kingdom,web_login,High,Bot Attack
2,0,3,China,web_login,Low,Normal
29,8,31,Brazil,admin_panel,High,Bot Attack
13,14,8,United Kingdom,admin_panel,High,Credential Stuffing
10,14,8,Germany,web_login,High,Credential Stuffing
57,6,40,India,admin_panel,High,Bot Attack
24,6,30,Australia,admin_panel,High,Brute Force
59,3,28,United Kingdom,admin_panel,High,Bot Attack
3,2,2,Australia,web_login,Low,Normal
15,14,7,United States,web_login,High,Credential Stuffing
11,19,6,United States,web_login,High,Credential Stuffing
12,18,5,Germany,web_login,High,Credential Stuffing
39,8,26,Germany,web_login,High,Bot Attack
32,5,23,Brazil,web_login,High,Brute Force
1,2,0,United Kingdom,admin_panel,Low,Normal
46,4,19,United Kingdom,admin_panel,High,Bot Attack
30,7,15,China,web_login,High,Brute Force
16,8,23,Australia,admin_panel,High,Brute Force
3,2,1,United States,admin_panel,Low,Normal
15,10,19,Canada,web_login,High,Brute Force
3,1,3,India,web_login,Low,Normal
25,8,16,United Kingdom,admin_panel,High,Brute Force
3,2,1,United Kingdom,web_login,Low,Normal
2,1,1,Brazil,admin_panel,Low,Normal
43,6,19,Brazil,web_login,High,Bot Attack
39,8,15,United States,web_login,High,Bot Attack
38,7,21,Australia,web_login,High,Bot Attack
19,12,15,United States,admin_panel,High,Brute Force
35,11,28,Canada,web_login,High,Brute Force
17,6,12,Brazil,web_login,High,Brute Force
2,0,1,Canada,admin_panel,Low,Normal
33,3,31,China,admin_panel,High,Bot Attack
17,10,14,United Kingdom,web_login,High,Brute Force
3,2,2,India,web_login,Low,Normal
31,12,22,United Kingdom,web_login,High,Brute Force
39,10,23,Australia,web_login,High,Brute Force
3,1,0,China,web_login,Low,Normal
5,14,7,Canada,admin_panel,High,Credential Stuffing
20,8,38,United Kingdom,admin_panel,High,Bot Attack
17,8,15,Canada,admin_panel,High,Brute Force
35,8,31,Russia,web_login,High,Bot Attack
1,0,3,Canada,admin_panel,Low,Normal
24,5,15,Canada,admin_panel,High,Bot Attack
19,6,16,China,web_login,High,Brute Force
1,0,3,Australia,web_login,Low,Normal
26,8,27,United Kingdom,web_login,High,Brute Force
6,13,5,Russia,web_login,High,Credential Stuffing
3,1,3,India,web_login,Low,Normal
6,13,6,United States,web_login,High,Credential Stuffing
2,2,1,Australia,web_login,Low,Normal
37,4,32,France,web_login,High,Bot Attack
1,1,1,India,web_login,Low,Normal
17,7,27,United States,admin_panel,High,Brute Force
28,7,21,United States,web_login,High,Brute Force
1,1,0,India,admin_panel,Low,Normal
3,0,3,Australia,admin_panel,Low,Normal
28,3,21,India,web_login,High,Bot Attack
7,13,8,Brazil,web_login,High,Credential Stuffing
32,5,27,Brazil,web_login,High,Brute Force
8,12,4,Germany,web_login,High,Credential Stuffing
8,16,4,Brazil,admin_panel,High,Credential Stuffing
14,16,3,France,web_login,High,Credential Stuffing
16,5,14,United States,web_login,High,Brute Force
35,9,21,United States,web_login,High,Brute Force
40,10,29,Germany,web_login,High,Brute Force
40,5,11,Australia,web_login,High,Brute Force
3,1,2,United States,admin_panel,Low,Normal
34,4,20,Germany,web_login,High,Bot Attack
9,12,4,France,admin_panel,High,Credential Stuffing
2,0,3,Australia,web_login,Low,Normal
8,15,5,France,web_login,High,Credential Stuffing
14,15,2,Australia,admin_panel,High,Credential Stuffing
7,19,4,Germany,web_login,High,Credential Stuffing
3,1,2,Germany,web_login,Low,Normal
8,12,3,Russia,admin_panel,High,Credential Stuffing
26,6,15,France,admin_panel,High,Bot Attack
34,6,28,Australia,admin_panel,High,Brute Force
15,10,5,Germany,web_login,High,Credential Stuffing
2,2,2,United States,admin_panel,Low,Normal
2,0,0,Brazil,admin_panel,Low,Normal
2,0,1,United States,web_login,Low,Normal
42,5,36,France,web_login,High,Bot Attack
2,2,2,Russia,admin_panel,Low,Normal
14,17,8,China,web_login,High,Credential Stuffing
2,2,3,France,web_login,Low,Normal
33,5,27,United States,admin_panel,High,Bot Attack
7,8,4,China,admin_panel,High,Credential Stuffing
1,2,2,United States,admin_panel,Low,Normal
3,0,0,India,web_login,Low,Normal
29,3,37,Australia,admin_panel,High,Bot Attack
35,5,16,Germany,admin_panel,High,Brute Force
2,1,3,Germany,web_login,Low,Normal
34,6,16,Germany,admin_panel,High,Bot Attack
35,11,14,Brazil,web_login,High,Brute Force
2,2,1,India,admin_panel,Low,Normal
33,12,27,Canada,web_login,High,Brute Force
35,7,15,China,admin_panel,High,Brute Force
30,4,16,Germany,web_login,High,Bot Attack
23,5,37,Germany,web_login,High,Bot Attack
8,10,3,United States,web_login,High,Credential Stuffing
28,8,10,United Kingdom,web_login,High,Brute Force
35,4,39,Germany,web_login,High,Bot Attack
3,2,0,United States,web_login,Low,Normal
60,7,36,United States,admin_panel,High,Bot Attack
56,8,39,United States,admin_panel,High,Bot Attack
16,10,29,Germany,admin_panel,High,Brute Force
2,1,2,Australia,web_login,Low,Normal
2,2,0,India,web_login,Low,Normal
17,9,24,India,admin_panel,High,Brute Force
28,7,40,United Kingdom,web_login,High,Bot Attack
37,4,34,Canada,admin_panel,High,Bot Attack
29,4,31,Russia,web_login,High,Bot Attack
49,3,17,China,admin_panel,High,Bot Attack
1,2,1,Australia,web_login,Low,Normal
29,6,29,India,admin_panel,High,Brute Force
47,8,22,Australia,web_login,High,Bot Attack
5,13,8,United Kingdom,web_login,High,Credential Stuffing
16,5,20,France,web_login,High,Brute Force
32,6,32,Germany,web_login,High,Bot Attack
20,5,27,Canada,admin_panel,High,Bot Attack
34,7,12,United States,admin_panel,High,Brute Force
30,5,23,United States,admin_panel,High,Bot Attack
2,0,2,Australia,web_login,Low,Normal
10,10,26,Australia,web_login,High,Brute Force
32,6,18,France,web_login,High,Brute Force
30,5,20,Canada,admin_panel,High,Brute Force
2,1,3,France,web_login,Low,Normal
52,8,28,Germany,admin_panel,High,Bot Attack
27,6,18,China,web_login,High,Brute Force
8,9,6,Australia,web_login,High,Credential Stuffing
2,2,0,Russia,web_login,Low,Normal
20,3,30,United Kingdom,admin_panel,High,Bot Attack
37,5,23,France,admin_panel,High,Brute Force
12,5,15,Australia,admin_panel,High,Brute Force
28,5,37,China,admin_panel,High,Bot Attack
37,12,19,France,admin_panel,High,Brute Force
2,0,1,Brazil,web_login,Low,Normal
5,11,7,United Kingdom,web_login,High,Credential Stuffing
22,8,32,India,admin_panel,High,Bot Attack
14,14,6,Germany,web_login,High,Credential Stuffing
12,12,22,Brazil,web_login,High,Brute Force
39,11,14,Germany,admin_panel,High,Brute Force
6,20,7,United Kingdom,web_login,High,Credential Stuffing
58,4,22,Brazil,admin_panel,High,Bot Attack
3,0,3,United States,web_login,Low,Normal
21,5,21,France,admin_panel,High,Bot Attack
8,18,3,Canada,web_login,High,Credential Stuffing
33,5,18,Brazil,admin_panel,High,Brute Force
20,6,36,United Kingdom,admin_panel,High,Bot Attack
23,3,29,India,admin_panel,High,Bot Attack
20,5,22,Brazil,admin_panel,High,Bot Attack
54,7,22,Australia,web_login,High,Bot Attack
19,7,10,Russia,admin_panel,High,Brute Force
29,10,29,United Kingdom,admin_panel,High,Brute Force
45,3,22,Russia,web_login,High,Bot Attack
54,8,24,Germany,web_login,High,Bot Attack
10,17,7,Australia,admin_panel,High,Credential Stuffing
10,12,4,China,web_login,High,Credential Stuffing
13,18,4,United Kingdom,web_login,High,Credential Stuffing
52,8,17,Russia,web_login,High,Bot Attack
52,3,31,Brazil,admin_panel,High,Bot Attack
27,7,23,Russia,admin_panel,High,Brute Force
13,15,3,France,admin_panel,High,Credential Stuffing
13,10,28,Australia,admin_panel,High,Brute Force
34,10,14,India,admin_panel,High,Brute Force
60,4,25,China,admin_panel,High,Bot Attack
50,5,28,Russia,admin_panel,High,Bot Attack
25,5,26,Brazil,admin_panel,High,Brute Force
10,8,2,United States,web_login,High,Credential Stuffing
3,1,0,United Kingdom,web_login,Low,Normal
2,0,2,Germany,web_login,Low,Normal
22,3,34,India,web_login,High,Bot Attack
1,1,3,Russia,web_login,Low,Normal
12,16,2,United Kingdom,web_login,High,Credential Stuffing
1,0,2,Germany,admin_panel,Low,Normal
6,12,4,Russia,admin_panel,High,Credential Stuffing
12,8,5,Canada,admin_panel,High,Credential Stuffing
22,8,20,France,web_login,High,Brute Force
2,0,3,China,admin_panel,Low,Normal
11,13,3,Russia,admin_panel,High,Credential Stuffing
2,0,1,Canada,web_login,Low,Normal
15,7,17,India,web_login,High,Brute Force
52,5,26,Russia,admin_panel,High,Bot Attack
35,11,16,Brazil,web_login,High,Brute Force
3,0,1,United States,web_login,Low,Normal
33,8,17,United States,web_login,High,Bot Attack
34,10,14,Germany,web_login,High,Brute Force
9,17,4,Germany,admin_panel,High,Credential Stuffing
5,20,3,France,web_login,High,Credential Stuffing
21,6,21,Canada,web_login,High,Brute Force
60,3,18,Brazil,web_login,High,Bot Attack
13,14,8,Australia,admin_panel,High,Credential Stuffing
53,6,23,United Kingdom,web_login,High,Bot Attack
16,12,30,Brazil,admin_panel,High,Brute Force
36,9,19,United States,web_login,High,Brute Force
10,14,7,United Kingdom,admin_panel,High,Credential Stuffing
15,13,8,China,web_login,High,Credential Stuffing
2,1,1,United Kingdom,admin_panel,Low,Normal
42,3,39,India,admin_panel,High,Bot Attack
1,0,0,France,web_login,Low,Normal
52,5,22,Russia,admin_panel,High,Bot Attack
3,0,3,Brazil,web_login,Low,Normal
25,4,25,Germany,admin_panel,High,Bot Attack
29,10,22,Australia,web_login,High,Brute Force
2,2,1,Brazil,web_login,Low,Normal
59,4,37,China,web_login,High,Bot Attack
28,10,15,Brazil,web_login,High,Brute Force
27,10,11,France,admin_panel,High,Brute Force
39,6,22,Brazil,admin_panel,High,Bot Attack
59,7,26,Australia,admin_panel,High,Bot Attack
55,8,40,United Kingdom,admin_panel,High,Bot Attack
1,2,3,Brazil,web_login,Low,Normal
11,13,6,United Kingdom,admin_panel,High,Credential Stuffing
13,7,23,Brazil,web_login,High,Brute Force
22,6,35,Brazil,web_login,High,Bot Attack
2,1,1,India,web_login,Low,Normal
13,11,3,Russia,admin_panel,High,Credential Stuffing
19,8,29,China,web_login,High,Brute Force
23,3,31,China,web_login,High,Bot Attack
24,5,22,Australia,web_login,High,Brute Force
14,20,7,Russia,web_login,High,Credential Stuffing
27,6,19,China,admin_panel,High,Bot Attack
14,19,7,United Kingdom,admin_panel,High,Credential Stuffing
24,3,35,United Kingdom,admin_panel,High,Bot Attack
32,8,29,United States,web_login,High,Bot Attack
3,2,0,France,web_login,Low,Normal
22,7,13,China,web_login,High,Brute Force
5,19,8,Canada,web_login,High,Credential Stuffing
47,8,38,United Kingdom,admin_panel,High,Bot Attack
12,8,6,Australia,admin_panel,High,Credential Stuffing
51,6,32,United Kingdom,admin_panel,High,Bot Attack
6,10,4,Canada,web_login,High,Credential Stuffing
1,2,3,Canada,web_login,Low,Normal
2,2,0,United Kingdom,web_login,Low,Normal
1,1,1,Russia,admin_panel,Low,Normal
2,0,1,Russia,web_login,Low,Normal
1,0,0,Russia,web_login,Low,Normal
23,6,15,Canada,web_login,High,Brute Force
3,0,1,Canada,web_login,Low,Normal
52,8,24,United States,web_login,High,Bot Attack
6,9,8,China,admin_panel,High,Credential Stuffing
22,10,10,Germany,admin_panel,High,Brute Force
11,17,5,Canada,admin_panel,High,Credential Stuffing
10,12,20,United States,web_login,High,Brute Force
20,4,38,France,web_login,High,Bot Attack
2,0,1,China,web_login,Low,Normal
6,12,3,Brazil,admin_panel,High,Credential Stuffing
18,5,13,Australia,web_login,High,Brute Force
18,6,14,Russia,admin_panel,High,Brute Force
8,12,6,Canada,web_login,High,Credential Stuffing
19,6,15,Russia,web_login,High,Brute Force
31,3,35,India,admin_panel,High,Bot Attack
11,7,15,Brazil,admin_panel,High,Brute Force
22,12,28,India,web_login,High,Brute Force
41,6,38,Brazil,web_login,High,Bot Attack
6,15,6,United States,admin_panel,High,Credential Stuffing
2,1,0,France,web_login,Low,Normal
38,3,34,United Kingdom,admin_panel,High,Bot Attack
2,0,0,United Kingdom,web_login,Low,Normal
44,8,24,Australia,web_login,High,Bot Attack
50,8,29,United States,admin_panel,High,Bot Attack
15,12,18,United Kingdom,web_login,High,Brute Force
30,8,12,United Kingdom,admin_panel,High,Brute Force
12,7,15,Brazil,admin_panel,High,Brute Force
1,2,0,France,admin_panel,Low,Normal
38,3,36,Australia,admin_panel,High,Bot Attack
45,5,17,China,web_login,High,Bot Attack
45,6,22,Canada,web_login,High,Bot Attack
32,5,17,India,web_login,High,Bot Attack
16,8,28,India,web_login,High,Brute Force
10,12,24,Australia,admin_panel,High,Brute Force
7,16,5,United States,admin_panel,High,Credential Stuffing
1,1,3,United Kingdom,web_login,Low,Normal
33,5,28,United States,admin_panel,High,Bot Attack
10,14,7,Canada,admin_panel,High,Credential Stuffing
5,12,7,India,admin_panel,High,Credential Stuffing
56,8,19,Russia,web_login,High,Bot Attack
20,4,31,China,admin_panel,High,Bot Attack
1,1,2,Brazil,web_login,Low,Normal
33,3,19,India,web_login,High,Bot Attack
44,8,28,India,admin_panel,High,Bot Attack
13,20,7,United Kingdom,admin_panel,High,Credential Stuffing
11,19,4,India,web_login,High,Credential Stuffing
52,7,17,France,web_login,High,Bot Attack
1,1,1,China,admin_panel,Low,Normal
26,5,34,Germany,admin_panel,High,Bot Attack
3,2,3,China,admin_panel,Low,Normal
14,13,2,United States,web_login,High,Credential Stuffing
17,9,30,United States,admin_panel,High,Brute Force
11,8,8,Canada,web_login,High,Credential Stuffing
3,1,1,France,web_login,Low,Normal
47,7,35,China,admin_panel,High,Bot Attack
58,8,32,Russia,web_login,High,Bot Attack
5,12,2,India,admin_panel,High,Credential Stuffing
15,9,3,India,web_login,High,Credential Stuffing
38,7,16,Brazil,admin_panel,High,Bot Attack
7,9,2,Germany,web_login,High,Credential Stuffing
14,19,6,Brazil,web_login,High,Credential Stuffing
32,6,27,China,web_login,High,Bot Attack
9,10,4,Russia,admin_panel,High,Credential Stuffing
26,9,19,Brazil,admin_panel,High,Brute Force
26,3,33,Canada,admin_panel,High,Bot Attack
1,2,2,United States,admin_panel,Low,Normal
12,19,6,China,admin_panel,High,Credential Stuffing
37,10,10,United Kingdom,web_login,High,Brute Force
1,1,2,United Kingdom,web_login,Low,Normal
2,0,0,United Kingdom,web_login,Low,Normal
39,7,23,Germany,admin_panel,High,Brute Force
5,15,3,India,web_login,High,Credential Stuffing
2,1,3,India,web_login,Low,Normal
1,0,2,Canada,web_login,Low,Normal
23,5,13,United Kingdom,admin_panel,High,Brute Force
6,17,5,Brazil,web_login,High,Credential Stuffing
11,17,3,France,admin_panel,High,Credential Stuffing
8,10,5,Russia,web_login,High,Credential Stuffing
45,4,25,Germany,admin_panel,High,Bot Attack
12,5,22,Germany,web_login,High,Brute Force
11,12,16,China,admin_panel,High,Brute Force
11,19,4,Russia,admin_panel,High,Credential Stuffing
39,11,16,Russia,admin_panel,High,Brute Force
29,11,15,United States,admin_panel,High,Brute Force
25,6,22,India,admin_panel,High,Bot Attack
15,14,8,Germany,admin_panel,High,Credential Stuffing
47,8,35,Russia,admin_panel,High,Bot Attack
54,7,28,China,admin_panel,High,Bot Attack
25,3,18,Russia,admin_panel,High,Bot Attack
20,8,11,Canada,admin_panel,High,Brute Force
10,10,4,Germany,admin_panel,High,Credential Stuffing
31,3,34,India,admin_panel,High,Bot Attack
44,5,38,United States,admin_panel,High,Bot Attack
2,1,0,Canada,web_login,Low,Normal
22,5,19,United Kingdom,web_login,High,Bot Attack
31,6,36,United Kingdom,web_login,High,Bot Attack
22,9,11,Germany,admin_panel,High,Brute Force
1,2,1,Russia,admin_panel,Low,Normal
55,4,29,Brazil,web_login,High,Bot Attack
39,7,26,Russia,admin_panel,High,Brute Force
34,5,24,China,admin_panel,High,Brute Force
1,2,0,Brazil,web_login,Low,Normal
57,5,16,Germany,web_login,High,Bot Attack
2,1,3,Canada,web_login,Low,Normal
14,12,12,China,web_login,High,Brute Force
58,4,33,France,web_login,High,Bot Attack
3,2,3,Russia,admin_panel,Low,Normal
2,2,3,India,web_login,Low,Normal
35,9,23,Canada,web_login,High,Brute Force
20,8,21,Russia,admin_panel,High,Bot Attack
36,8,29,India,admin_panel,High,Brute Force
21,8,20,India,admin_panel,High,Bot Attack
21,5,36,Russia,web_login,High,Bot Attack
20,6,18,India,admin_panel,High,Brute Force
24,8,33,Brazil,admin_panel,High,Bot Attack
29,8,26,United Kingdom,web_login,High,Brute Force
3,1,0,Australia,web_login,Low,Normal
3,1,2,Germany,admin_panel,Low,Normal
2,1,2,United States,admin_panel,Low,Normal
12,17,4,Germany,web_login,High,Credential Stuffing
45,6,26,United States,web_login,High,Bot Attack
12,14,3,Australia,admin_panel,High,Credential Stuffing
6,19,8,India,web_login,High,Credential Stuffing
3,0,1,India,admin_panel,Low,Normal
25,11,23,Germany,web_login,High,Brute Force
2,2,1,United States,admin_panel,Low,Normal
37,9,25,United States,admin_panel,High,Brute Force
25,7,21,Russia,admin_panel,High,Brute Force
9,19,6,France,web_login,High,Credential Stuffing
3,2,0,France,admin_panel,Low,Normal
30,5,13,Russia,web_login,High,Brute Force
3,2,3,Russia,web_login,Low,Normal
1,0,1,Canada,web_login,Low,Normal
10,20,4,United Kingdom,admin_panel,High,Credential Stuffing
12,12,8,Brazil,admin_panel,High,Credential Stuffing
1,0,1,India,admin_panel,Low,Normal
31,7,25,Canada,web_login,High,Brute Force
9,20,6,United States,web_login,High,Credential Stuffing
36,7,27,Canada,web_login,High,Brute Force
2,1,1,Canada,admin_panel,Low,Normal
2,0,2,France,admin_panel,Low,Normal
10,11,7,Russia,web_login,High,Credential Stuffing
44,3,34,Australia,admin_panel,High,Bot Attack
3,0,1,Brazil,web_login,Low,Normal
10,17,8,Russia,admin_panel,High,Credential Stuffing
13,12,28,Russia,web_login,High,Brute Force
9,17,2,Australia,admin_panel,High,Credential Stuffing
25,12,15,United Kingdom,web_login,High,Brute Force
1,2,0,United Kingdom,web_login,Low,Normal
58,3,20,India,admin_panel,High,Bot Attack
18,11,26,Brazil,web_login,High,Brute Force
28,9,22,China,web_login,High,Brute Force
13,10,27,Russia,admin_panel,High,Brute Force
37,7,12,France,admin_panel,High,Brute Force
11,17,7,Germany,web_login,High,Credential Stuffing
23,5,12,Australia,admin_panel,High,Brute Force
2,2,0,India,web_login,Low,Normal
11,12,6,China,web_login,High,Credential Stuffing
36,4,24,Australia,admin_panel,High,Bot Attack
19,7,15,United Kingdom,web_login,High,Brute Force
25,5,30,United Kingdom,admin_panel,High,Brute Force
60,4,25,Australia,admin_panel,High,Bot Attack
38,6,28,India,admin_panel,High,Brute Force
24,7,17,Australia,web_login,High,Brute Force
1,2,2,Brazil,web_login,Low,Normal
16,11,27,United Kingdom,web_login,High,Brute Force
5,17,7,Australia,admin_panel,High,Credential Stuffing
30,5,19,Canada,web_login,High,Brute Force
26,3,37,United States,admin_panel,High,Bot Attack
34,6,27,Brazil,admin_panel,High,Bot Attack
3,0,1,Canada,web_login,Low,Normal
31,5,33,India,web_login,High,Bot Attack
52,5,19,Brazil,admin_panel,High,Bot Attack
1,1,0,United Kingdom,admin_panel,Low,Normal
11,8,27,Australia,admin_panel,High,Brute Force
32,7,22,Brazil,web_login,High,Brute Force
5,10,6,China,web_login,High,Credential Stuffing
13,11,2,Brazil,web_login,High,Credential Stuffing
33,6,24,Brazil,admin_panel,High,Bot Attack
28,8,22,France,admin_panel,High,Brute Force
2,1,3,Canada,web_login,Low,Normal
21,10,11,Brazil,admin_panel,High,Brute Force
2,2,3,Germany,web_login,Low,Normal
15,11,21,United States,web_login,High,Brute Force
6,17,4,Germany,admin_panel,High,Credential Stuffing
1,1,3,Australia,admin_panel,Low,Normal
1,2,3,United States,admin_panel,Low,Normal
6,16,7,Russia,admin_panel,High,Credential Stuffing
25,5,22,Russia,web_login,High,Brute Force
39,5,27,France,web_login,High,Brute Force
11,12,3,France,web_login,High,Credential Stuffing
7,13,2,United States,web_login,High,Credential Stuffing
40,4,27,Australia,admin_panel,High,Bot Attack
52,6,32,Russia,admin_panel,High,Bot Attack
2,2,1,United States,web_login,Low,Normal
12,5,24,China,admin_panel,High,Brute Force
49,6,23,United Kingdom,admin_panel,High,Bot Attack
13,11,8,Brazil,admin_panel,High,Credential Stuffing
15,20,5,India,web_login,High,Credential Stuffing
30,7,24,China,admin_panel,High,Bot Attack
21,4,31,Canada,web_login,High,Bot Attack
3,0,2,Canada,admin_panel,Low,Normal
22,8,17,India,admin_panel,High,Brute Force
38,10,22,United Kingdom,web_login,High,Brute Force
6,14,6,Canada,web_login,High,Credential Stuffing
3,2,1,Brazil,web_login,Low,Normal
2,1,1,Canada,web_login,Low,Normal
3,0,3,Australia,admin_panel,Low,Normal
15,8,2,France,admin_panel,High,Credential Stuffing
38,5,28,Australia,web_login,High,Brute Force
1,2,1,China,admin_panel,Low,Normal
36,6,38,France,web_login,High,Bot Attack
13,11,2,Germany,web_login,High,Credential Stuffing
9,11,7,India,web_login,High,Credential Stuffing
5,14,3,Australia,admin_panel,High,Credential Stuffing
5,15,4,Canada,admin_panel,High,Credential Stuffing
38,7,12,Russia,web_login,High,Brute Force
5,17,3,Brazil,web_login,High,Credential Stuffing
37,11,28,Germany,web_login,High,Brute Force
7,14,5,Brazil,web_login,High,Credential Stuffing
15,18,6,Brazil,admin_panel,High,Credential Stuffing
2,1,2,France,admin_panel,Low,Normal
9,16,4,India,web_login,High,Credential Stuffing
2,1,2,United Kingdom,web_login,Low,Normal
22,5,16,United Kingdom,admin_panel,High,Brute Force
54,7,31,China,web_login,High,Bot Attack
49,3,26,United States,admin_panel,High,Bot Attack
19,7,14,United Kingdom,admin_panel,High,Brute Force
21,6,38,Russia,web_login,High,Bot Attack
19,7,28,Brazil,web_login,High,Brute Force
2,1,2,China,admin_panel,Low,Normal
11,19,6,Germany,admin_panel,High,Credential Stuffing
33,10,28,China,web_login,High,Brute Force
34,7,23,United States,admin_panel,High,Brute Force
20,7,23,China,admin_panel,High,Bot Attack
30,9,24,United States,web_login,High,Brute Force
55,6,33,United States,admin_panel,High,Bot Attack
21,7,26,United Kingdom,web_login,High,Brute Force
57,5,15,Germany,web_login,High,Bot Attack
3,1,1,India,admin_panel,Low,Normal
32,5,31,China,web_login,High,Bot Attack
1,0,0,Brazil,admin_panel,Low,Normal
1,0,2,United States,admin_panel,Low,Normal
3,2,2,Australia,web_login,Low,Normal
3,0,3,United States,admin_panel,Low,Normal
11,13,4,Australia,admin_panel,High,Credential Stuffing
22,7,24,Germany,web_login,High,Brute Force
1,1,0,Canada,web_login,Low,Normal
13,7,25,Russia,web_login,High,Brute Force
13,12,2,Brazil,web_login,High,Credential Stuffing
22,5,20,Brazil,admin_panel,High,Bot Attack
34,11,27,Australia,web_login,High,Brute Force
27,8,19,United Kingdom,web_login,High,Brute Force
2,2,3,India,admin_panel,Low,Normal
6,20,2,Canada,web_login,High,Credential Stuffing
23,7,29,United Kingdom,admin_panel,High,Bot Attack
21,5,27,Brazil,admin_panel,High,Brute Force
10,15,5,Australia,web_login,High,Credential Stuffing
2,0,1,India,admin_panel,Low,Normal
38,6,16,China,admin_panel,High,Brute Force
1,0,0,Russia,admin_panel,Low,Normal
2,0,0,France,admin_panel,Low,Normal
33,11,22,India,web_login,High,Brute Force
38,6,39,Russia,web_login,High,Bot Attack
33,5,38,Canada,admin_panel,High,Bot Attack
12,18,5,Germany,admin_panel,High,Credential Stuffing
10,19,3,Russia,admin_panel,High,Credential Stuffing
1,1,2,United States,web_login,Low,Normal
16,10,11,Australia,web_login,High,Brute Force
1,1,1,Canada,web_login,Low,Normal
27,7,28,United States,web_login,High,Brute Force
21,6,18,China,web_login,High,Brute Force
40,7,23,Canada,web_login,High,Brute Force
54,6,38,Canada,web_login,High,Bot Attack
3,0,3,Russia,web_login,Low,Normal
9,15,7,Canada,admin_panel,High,Credential Stuffing
22,6,24,India,web_login,High,Brute Force
1,0,2,Canada,web_login,Low,Normal
24,5,38,India,web_login,High,Bot Attack
14,11,3,United Kingdom,admin_panel,High,Credential Stuffing
28,5,38,Australia,admin_panel,High,Bot Attack
60,7,28,Australia,web_login,High,Bot Attack
2,2,1,Australia,admin_panel,Low,Normal
6,16,8,Russia,web_login,High,Credential Stuffing
33,7,26,France,web_login,High,Bot Attack
12,8,24,India,web_login,High,Brute Force
44,5,40,Brazil,web_login,High,Bot Attack
35,5,35,China,admin_panel,High,Bot Attack
24,7,21,United States,admin_panel,High,Brute Force
36,9,27,India,admin_panel,High,Brute Force
7,15,2,France,web_login,High,Credential Stuffing
11,5,18,India,web_login,High,Brute Force
2,2,0,Australia,web_login,Low,Normal
24,3,15,France,admin_panel,High,Bot Attack
32,11,30,United States,admin_panel,High,Brute Force
33,7,39,United Kingdom,admin_panel,High,Bot Attack
19,7,15,India,web_login,High,Brute Force
35,5,18,Germany,admin_panel,High,Bot Attack
10,15,7,Brazil,admin_panel,High,Credential Stuffing
35,10,19,Australia,admin_panel,High,Brute Force
3,0,2,Germany,web_login,Low,Normal
47,7,16,United States,admin_panel,High,Bot Attack
3,0,0,United States,admin_panel,Low,Normal
3,0,3,Brazil,web_login,Low,Normal
9,15,5,United Kingdom,web_login,High,Credential Stuffing
14,19,3,Russia,admin_panel,High,Credential Stuffing
35,6,28,Germany,admin_panel,High,Brute Force
40,5,27,Russia,web_login,High,Brute Force
36,12,16,Australia,admin_panel,High,Brute Force
15,12,4,United Kingdom,admin_panel,High,Credential Stuffing
11,17,7,Australia,web_login,High,Credential Stuffing
3,1,0,India,web_login,Low,Normal
33,12,10,United Kingdom,admin_panel,High,Brute Force
39,7,16,Germany,web_login,High,Brute Force
41,6,23,India,admin_panel,High,Bot Attack
20,5,15,United States,web_login,High,Brute Force
1,0,2,China,web_login,Low,Normal
26,8,15,Brazil,admin_panel,High,Bot Attack
55,8,18,Brazil,admin_panel,High,Bot Attack
3,0,2,Australia,admin_panel,Low,Normal
22,8,24,China,web_login,High,Brute Force
3,2,1,France,admin_panel,Low,Normal
22,12,14,China,admin_panel,High,Brute Force
3,0,0,Canada,web_login,Low,Normal
21,3,31,Australia,admin_panel,High,Bot Attack
31,9,18,Canada,web_login,High,Brute Force
27,11,16,France,admin_panel,High,Brute Force
33,8,35,Canada,web_login,High,Bot Attack
34,6,25,China,admin_panel,High,Bot Attack
21,7,28,Germany,web_login,High,Brute Force
11,8,2,China,web_login,High,Credential Stuffing
2,0,3,France,admin_panel,Low,Normal
40,8,18,United Kingdom,web_login,High,Bot Attack
40,8,15,Brazil,web_login,High,Brute Force
2,1,1,India,web_login,Low,Normal
59,4,20,Brazil,web_login,High,Bot Attack
5,19,5,Canada,admin_panel,High,Credential Stuffing
24,7,36,Germany,admin_panel,High,Bot Attack
11,9,8,Brazil,admin_panel,High,Credential Stuffing
5,10,2,Brazil,admin_panel,High,Credential Stuffing
11,9,16,Germany,admin_panel,High,Brute Force
60,3,17,China,web_login,High,Bot Attack
13,7,15,China,admin_panel,High,Brute Force
37,8,24,United Kingdom,web_login,High,Brute Force
26,8,40,Canada,web_login,High,Bot Attack
47,5,40,Brazil,web_login,High,Bot Attack
39,5,28,Brazil,admin_panel,High,Brute Force
3,1,2,Russia,web_login,Low,Normal
38,5,27,France,admin_panel,High,Bot Attack
2,2,0,India,web_login,Low,Normal
9,9,3,Germany,web_login,High,Credential Stuffing
27,6,31,Canada,admin_panel,High,Bot Attack
2,0,3,France,admin_panel,Low,Normal
27,5,21,France,admin_panel,High,Brute Force
49,3,15,France,web_login,High,Bot Attack
8,11,8,India,admin_panel,High,Credential Stuffing
44,7,23,France,web_login,High,Bot Attack
30,10,27,Russia,admin_panel,High,Brute Force
52,5,33,Canada,admin_panel,High,Bot Attack
51,8,17,Germany,web_login,High,Bot Attack
3,1,3,Germany,admin_panel,Low,Normal
31,12,16,Germany,web_login,High,Brute Force
39,6,16,China,web_login,High,Brute Force
16,8,20,United States,admin_panel,High,Brute Force
20,7,21,France,web_login,High,Bot Attack
33,5,26,France,admin_panel,High,Brute Force
56,6,17,United Kingdom,web_login,High,Bot Attack
9,16,6,China,web_login,High,Credential Stuffing
25,9,15,Brazil,admin_panel,High,Brute Force
3,2,2,Canada,admin_panel,Low,Normal
1,2,1,India,admin_panel,Low,Normal
30,7,10,Australia,web_login,High,Brute Force
36,5,19,Germany,admin_panel,High,Brute Force
44,7,21,Australia,admin_panel,High,Bot Attack
12,9,10,Brazil,web_login,High,Brute Force
2,0,3,United Kingdom,web_login,Low,Normal
1,0,0,Germany,admin_panel,Low,Normal
29,7,21,Brazil,web_login,High,Bot Attack
2,0,2,Canada,admin_panel,Low,Normal
36,3,24,United States,admin_panel,High,Bot Attack
28,12,23,Brazil,web_login,High,Brute Force
8,14,2,Russia,web_login,High,Credential Stuffing
37,12,14,Russia,admin_panel,High,Brute Force
58,4,36,France,web_login,High,Bot Attack
22,10,21,Brazil,admin_panel,High,Brute Force
48,3,35,Canada,admin_panel,High,Bot Attack
3,2,1,Canada,admin_panel,Low,Normal
39,8,35,Australia,admin_panel,High,Bot Attack
35,5,14,Canada,web_login,High,Brute Force
11,10,21,Brazil,admin_panel,High,Brute Force
1,1,3,United States,web_login,Low,Normal
29,5,31,Russia,admin_panel,High,Bot Attack
2,1,2,China,web_login,Low,Normal
55,3,29,China,web_login,High,Bot Attack
26,8,18,India,admin_panel,High,Bot Attack
1,1,0,China,admin_panel,Low,Normal
3,1,2,India,web_login,Low,Normal
22,7,17,United States,web_login,High,Brute Force
11,12,17,Brazil,admin_panel,High,Brute Force
50,8,18,Russia,admin_panel,High,Bot Attack
35,11,29,United Kingdom,admin_panel,High,Brute Force
28,6,20,France,web_login,High,Brute Force
2,1,0,France,admin_panel,Low,Normal
12,13,5,France,web_login,High,Credential Stuffing
43,4,32,United States,web_login,High,Bot Attack
41,8,34,Brazil,web_login,High,Bot Attack
29,7,36,Russia,admin_panel,High,Bot Attack
7,14,5,Australia,web_login,High,Credential Stuffing
7,14,5,Brazil,web_login,High,Credential Stuffing
25,4,22,Germany,web_login,High,Bot Attack
14,11,10,United Kingdom,web_login,High,Brute Force
15,12,5,France,web_login,High,Credential Stuffing
3,0,1,Canada,admin_panel,Low,Normal
19,10,30,United Kingdom,admin_panel,High,Brute Force
57,8,29,Germany,admin_panel,High,Bot Attack
34,9,29,Germany,admin_panel,High,Brute Force
16,5,24,France,admin_panel,High,Brute Force
3,1,1,Australia,admin_panel,Low,Normal
13,12,6,Brazil,web_login,High,Credential Stuffing
12,12,8,Russia,admin_panel,High,Credential Stuffing
15,15,4,Germany,admin_panel,High,Credential Stuffing
35,7,18,China,web_login,High,Brute Force
36,8,35,United States,admin_panel,High,Bot Attack
12,17,7,France,admin_panel,High,Credential Stuffing
8,9,8,Australia,web_login,High,Credential Stuffing
16,5,14,India,web_login,High,Brute Force
2,0,0,China,admin_panel,Low,Normal
60,5,20,Brazil,admin_panel,High,Bot Attack
14,11,7,Canada,admin_panel,High,Credential Stuffing
42,4,22,Australia,web_login,High,Bot Attack
16,5,10,United States,admin_panel,High,Brute Force
1,0,2,United Kingdom,admin_panel,Low,Normal
2,0,1,United Kingdom,admin_panel,Low,Normal
3,2,2,United Kingdom,web_login,Low,Normal
11,17,6,United States,admin_panel,High,Credential Stuffing
2,1,3,Russia,web_login,Low,Normal
12,16,3,United States,admin_panel,High,Credential Stuffing
8,13,2,United States,admin_panel,High,Credential Stuffing
25,5,26,Russia,web_login,High,Bot Attack
26,6,18,Russia,admin_panel,High,Brute Force
7,13,5,Germany,web_login,High,Credential Stuffing
6,10,5,Brazil,web_login,High,Credential Stuffing
1,1,3,India,admin_panel,Low,Normal
12,8,3,Germany,web_login,High,Credential Stuffing
11,8,4,China,web_login,High,Credential Stuffing
40,7,23,India,admin_panel,High,Bot Attack
9,16,7,India,admin_panel,High,Credential Stuffing
2,0,2,Canada,admin_panel,Low,Normal
3,2,1,China,web_login,Low,Normal
57,6,27,India,admin_panel,High,Bot Attack
12,20,5,Germany,web_login,High,Credential Stuffing
23,9,13,China,web_login,High,Brute Force
1,0,1,Brazil,admin_panel,Low,Normal
11,10,19,United Kingdom,web_login,High,Brute Force
3,2,2,China,admin_panel,Low,Normal
2,2,2,Russia,web_login,Low,Normal
14,12,2,United States,web_login,High,Credential Stuffing
17,9,23,France,admin_panel,High,Brute Force
16,7,24,China,web_login,High,Brute Force
16,7,11,Russia,admin_panel,High,Brute Force
29,7,15,India,admin_panel,High,Brute Force
6,8,8,Canada,web_login,High,Credential Stuffing
1,2,3,Germany,web_login,Low,Normal
7,18,4,Russia,web_login,High,Credential Stuffing
14,5,23,United Kingdom,web_login,High,Brute Force
3,1,0,France,admin_panel,Low,Normal
9,14,4,Brazil,web_login,High,Credential Stuffing
9,10,3,France,admin_panel,High,Credential Stuffing
1,1,3,Canada,admin_panel,Low,Normal
10,10,5,France,web_login,High,Credential Stuffing
5,16,4,Russia,admin_panel,High,Credential Stuffing
1,1,2,Germany,admin_panel,Low,Normal
22,12,10,India,admin_panel,High,Brute Force
2,0,1,United States,admin_panel,Low,Normal
44,7,34,United Kingdom,admin_panel,High,Bot Attack
23,7,24,China,web_login,High,Brute Force
10,16,3,Canada,web_login,High,Credential Stuffing
15,8,3,Australia,web_login,High,Credential Stuffing
34,7,31,United Kingdom,web_login,High,Bot Attack
55,6,20,Germany,admin_panel,High,Bot Attack
59,8,21,United States,admin_panel,High,Bot Attack
2,1,3,United States,admin_panel,Low,Normal
18,10,11,Canada,web_login,High,Brute Force
3,1,3,United States,admin_panel,Low,Normal
1,2,1,Australia,admin_panel,Low,Normal
2,1,3,Russia,web_login,Low,Normal
26,6,19,India,admin_panel,High,Brute Force
15,6,11,Canada,web_login,High,Brute Force
2,1,1,India,web_login,Low,Normal
1,1,3,India,web_login,Low,Normal
1,1,3,Australia,web_login,Low,Normal
30,10,13,United States,web_login,High,Brute Force
29,10,12,Australia,web_login,High,Brute Force
24,11,18,United Kingdom,web_login,High,Brute Force
39,4,33,Russia,admin_panel,High,Bot Attack
3,2,3,Canada,web_login,Low,Normal
1,1,0,Australia,web_login,Low,Normal
41,3,15,Germany,admin_panel,High,Bot Attack
36,12,10,Australia,admin_panel,High,Brute Force
1,0,1,France,web_login,Low,Normal
11,20,8,Brazil,web_login,High,Credential Stuffing
7,20,8,India,admin_panel,High,Credential Stuffing
2,0,2,Brazil,admin_panel,Low,Normal
27,5,20,Australia,admin_panel,High,Bot Attack
5,17,4,India,admin_panel,High,Credential Stuffing
12,20,4,India,web_login,High,Credential Stuffing
3,2,2,India,admin_panel,Low,Normal
3,0,1,Germany,admin_panel,Low,Normal
1,0,3,United States,admin_panel,Low,Normal
2,1,2,India,web_login,Low,Normal
3,2,0,Germany,web_login,Low,Normal
59,6,36,India,admin_panel,High,Bot Attack
14,16,5,Brazil,web_login,High,Credential Stuffing
11,12,12,United States,admin_panel,High,Brute Force
3,1,1,France,web_login,Low,Normal
3,2,3,Canada,admin_panel,Low,Normal
1,2,2,France,web_login,Low,Normal
8,10,5,Canada,web_login,High,Credential Stuffing
6,12,7,Brazil,web_login,High,Credential Stuffing
2,1,3,China,admin_panel,Low,Normal
11,16,4,United Kingdom,admin_panel,High,Credential Stuffing
17,12,18,United Kingdom,admin_panel,High,Brute Force
1,2,1,China,web_login,Low,Normal
15,9,23,Canada,web_login,High,Brute Force
18,11,11,United Kingdom,web_login,High,Brute Force
26,5,23,Germany,admin_panel,High,Brute Force
36,5,18,France,web_login,High,Brute Force
59,5,36,Canada,admin_panel,High,Bot Attack
2,1,2,United Kingdom,web_login,Low,Normal
49,5,36,Germany,web_login,High,Bot Attack
13,20,8,United Kingdom,admin_panel,High,Credential Stuffing
51,5,15,India,web_login,High,Bot Attack
2,1,0,United Kingdom,admin_panel,Low,Normal
54,7,16,United States,admin_panel,High,Bot Attack
3,0,1,United States,web_login,Low,Normal
7,10,4,Russia,web_login,High,Credential Stuffing
13,15,3,India,web_login,High,Credential Stuffing
38,9,11,China,web_login,High,Brute Force
1,1,3,India,admin_panel,Low,Normal
12,13,7,Australia,admin_panel,High,Credential Stuffing
52,6,33,France,web_login,High,Bot Attack
34,5,12,Russia,admin_panel,High,Brute Force
25,5,15,India,web_login,High,Brute Force
12,9,7,Canada,admin_panel,High,Credential Stuffing
14,11,8,India,admin_panel,High,Credential Stuffing
5,14,3,Brazil,web_login,High,Credential Stuffing
35,7,21,Canada,admin_panel,High,Brute Force
11,5,15,United States,web_login,High,Brute Force
3,0,3,United States,web_login,Low,Normal
11,6,12,China,web_login,High,Brute Force
1,2,2,India,web_login,Low,Normal
1,1,0,Brazil,admin_panel,Low,Normal
1,0,3,United States,web_login,Low,Normal
10,14,4,United States,web_login,High,Credential Stuffing
1,1,2,Russia,admin_panel,Low,Normal
2,0,3,Canada,web_login,Low,Normal
13,5,10,Australia,web_login,High,Brute Force
10,13,4,Brazil,web_login,High,Credential Stuffing
22,12,15,Canada,web_login,High,Brute Force
15,16,8,Russia,admin_panel,High,Credential Stuffing
60,3,29,India,admin_panel,High,Bot Attack
6,20,7,France,admin_panel,High,Credential Stuffing
14,11,17,Australia,admin_panel,High,Brute Force
11,18,8,Russia,web_login,High,Credential Stuffing
3,2,0,United Kingdom,web_login,Low,Normal
2,1,1,France,web_login,Low,Normal
1,1,1,Brazil,web_login,Low,Normal
3,2,2,United Kingdom,admin_panel,Low,Normal
11,12,28,Canada,admin_panel,High,Brute Force
23,6,40,United Kingdom,admin_panel,High,Bot Attack
31,5,19,India,admin_panel,High,Brute Force
2,0,1,United Kingdom,admin_panel,Low,Normal
10,10,4,United Kingdom,web_login,High,Credential Stuffing
27,8,38,United States,web_login,High,Bot Attack
12,11,6,United Kingdom,admin_panel,High,Credential Stuffing
59,5,29,China,web_login,High,Bot Attack
8,11,7,United States,admin_panel,High,Credential Stuffing
26,10,17,India,admin_panel,High,Brute Force
15,17,8,United States,admin_panel,High,Credential Stuffing
16,11,12,France,admin_panel,High,Brute Force
21,5,33,India,admin_panel,High,Bot Attack
37,9,15,Germany,admin_panel,High,Brute Force
3,1,3,Russia,admin_panel,Low,Normal
18,11,17,India,admin_panel,High,Brute Force
34,7,15,France,web_login,High,Bot Attack
12,5,12,United Kingdom,web_login,High,Brute Force
46,6,24,United Kingdom,admin_panel,High,Bot Attack
23,5,19,Russia,admin_panel,High,Bot Attack
22,11,19,United States,web_login,High,Brute Force
21,9,13,France,admin_panel,High,Brute Force
14,12,23,India,admin_panel,High,Brute Force
25,7,17,United States,admin_panel,High,Brute Force
24,5,30,Germany,web_login,High,Brute Force
12,5,22,United States,web_login,High,Brute Force
2,1,3,Canada,admin_panel,Low,Normal
25,9,20,Russia,admin_panel,High,Brute Force
1,2,0,India,web_login,Low,Normal
1,0,3,Russia,admin_panel,Low,Normal
14,16,4,Australia,admin_panel,High,Credential Stuffing
19,5,25,India,admin_panel,High,Brute Force
20,4,26,India,web_login,High,Bot Attack
1,2,3,India,admin_panel,Low,Normal
6,15,4,United States,web_login,High,Credential Stuffing
9,9,2,United States,admin_panel,High,Credential Stuffing
10,12,28,Australia,admin_panel,High,Brute Force
32,3,21,Australia,admin_panel,High,Bot Attack
1,1,2,United States,admin_panel,Low,Normal
30,5,15,China,admin_panel,High,Bot Attack
13,10,8,Brazil,web_login,High,Credential Stuffing
8,13,7,Germany,web_login,High,Credential Stuffing
33,6,29,United States,admin_panel,High,Bot Attack
22,5,39,Germany,admin_panel,High,Bot Attack
28,11,22,Australia,web_login,High,Brute Force
24,5,31,Russia,admin_panel,High,Bot Attack
35,10,21,United States,admin_panel,High,Brute Force
29,5,38,Brazil,admin_panel,High,Bot Attack
3,2,2,Australia,admin_panel,Low,Normal
43,3,31,United States,web_login,High,Bot Attack
27,6,16,United States,web_login,High,Brute Force
59,6,37,India,admin_panel,High,Bot Attack
11,14,5,Germany,web_login,High,Credential Stuffing
3,2,0,Canada,admin_panel,Low,Normal
17,6,23,France,web_login,High,Brute Force
10,20,8,United Kingdom,web_login,High,Credential Stuffing
1,1,0,United States,admin_panel,Low,Normal
55,8,36,China,web_login,High,Bot Attack
1,0,2,United States,web_login,Low,Normal
5,20,6,France,admin_panel,High,Credential Stuffing
15,9,3,United Kingdom,admin_panel,High,Credential Stuffing
10,8,29,India,admin_panel,High,Brute Force
58,8,35,Australia,web_login,High,Bot Attack
37,11,29,United Kingdom,admin_panel,High,Brute Force
5,19,7,Australia,admin_panel,High,Credential Stuffing
41,3,38,Russia,web_login,High,Bot Attack
5,17,8,United States,admin_panel,High,Credential Stuffing
14,12,29,France,web_login,High,Brute Force
1,1,1,China,admin_panel,Low,Normal
6,17,4,France,web_login,High,Credential Stuffing
1,1,3,China,web_login,Low,Normal
13,18,2,United Kingdom,admin_panel,High,Credential Stuffing
5,10,4,France,web_login,High,Credential Stuffing
2,1,2,France,admin_panel,Low,Normal
39,12,14,Australia,web_login,High,Brute Force
34,5,25,Canada,admin_panel,High,Brute Force
56,8,33,Brazil,web_login,High,Bot Attack
44,8,31,China,web_login,High,Bot Attack
8,8,2,China,admin_panel,High,Credential Stuffing
22,9,11,Germany,admin_panel,High,Brute Force
11,9,3,Brazil,admin_panel,High,Credential Stuffing
24,8,16,France,web_login,High,Brute Force
1,0,1,Australia,admin_panel,Low,Normal
21,11,29,United States,web_login,High,Brute Force
31,5,30,China,admin_panel,High,Bot Attack
11,13,5,France,admin_panel,High,Credential Stuffing
47,8,38,India,admin_panel,High,Bot Attack
7,20,3,Canada,web_login,High,Credential Stuffing
58,6,40,China,admin_panel,High,Bot Attack
13,10,19,Australia,admin_panel,High,Brute Force
20,12,21,United States,admin_panel,High,Brute Force
51,6,26,United States,web_login,High,Bot Attack
1,2,2,India,admin_panel,Low,Normal
39,4,18,United Kingdom,web_login,High,Bot Attack
45,3,31,United Kingdom,admin_panel,High,Bot Attack
10,7,13,Russia,web_login,High,Brute Force
45,3,27,Germany,web_login,High,Bot Attack
20,12,25,Germany,admin_panel,High,Brute Force
40,7,28,Australia,admin_panel,High,Brute Force
5,14,8,United Kingdom,admin_panel,High,Credential Stuffing
1,0,1,United Kingdom,web_login,Low,Normal
47,3,36,France,web_login,High,Bot Attack
47,4,27,India,admin_panel,High,Bot Attack
31,9,30,Canada,admin_panel,High,Brute Force
15,15,7,United States,web_login,High,Credential Stuffing
39,5,19,India,web_login,High,Brute Force
45,4,24,Russia,admin_panel,High,Bot Attack
36,7,22,Australia,web_login,High,Bot Attack
37,3,27,Brazil,web_login,High,Bot Attack
3,1,0,Germany,web_login,Low,Normal
9,9,3,Australia,web_login,High,Credential Stuffing
13,18,4,Brazil,web_login,High,Credential Stuffing
28,6,28,India,web_login,High,Brute Force
1,2,0,India,admin_panel,Low,Normal
8,10,3,Russia,admin_panel,High,Credential Stuffing
10,17,3,Germany,admin_panel,High,Credential Stuffing
2,2,2,France,admin_panel,Low,Normal
38,12,23,Germany,admin_panel,High,Brute Force
1,0,1,China,admin_panel,Low,Normal
7,12,3,France,web_login,High,Credential Stuffing
34,7,16,United States,web_login,High,Brute Force
32,9,18,Canada,web_login,High,Brute Force
2,1,3,Germany,admin_panel,Low,Normal
39,11,16,Russia,admin_panel,High,Brute Force
3,2,1,United Kingdom,admin_panel,Low,Normal
13,20,3,Australia,web_login,High,Credential Stuffing
41,8,39,China,admin_panel,High,Bot Attack
5,15,3,United Kingdom,web_login,High,Credential Stuffing
25,6,19,China,web_login,High,Brute Force
37,8,30,United States,admin_panel,High,Brute Force
59,6,15,United Kingdom,web_login,High,Bot Attack
60,3,34,Germany,web_login,High,Bot Attack
2,1,0,Australia,web_login,Low,Normal
2,0,2,Canada,web_login,Low,Normal
5,12,8,India,web_login,High,Credential Stuffing
13,12,15,Australia,admin_panel,High,Brute Force
58,8,23,France,web_login,High,Bot Attack
14,6,11,Russia,web_login,High,Brute Force
6,16,7,China,admin_panel,High,Credential Stuffing
60,6,22,Canada,web_login,High,Bot Attack
31,7,33,Brazil,web_login,High,Bot Attack
40,11,10,Australia,web_login,High,Brute Force
41,4,17,Brazil,admin_panel,High,Bot Attack
13,8,6,United States,admin_panel,High,Credential Stuffing
31,3,26,Canada,admin_panel,High,Bot Attack
40,9,27,United States,admin_panel,High,Brute Force
50,5,25,India,admin_panel,High,Bot Attack
2,0,1,France,web_login,Low,Normal
1,1,3,India,web_login,Low,Normal
25,5,25,United States,admin_panel,High,Brute Force
2,1,0,United Kingdom,admin_panel,Low,Normal
32,6,22,United States,admin_panel,High,Bot Attack
35,8,15,Russia,admin_panel,High,Brute Force
42,3,32,Russia,admin_panel,High,Bot Attack
1,0,1,Australia,web_login,Low,Normal
3,0,1,Russia,web_login,Low,Normal
11,11,6,United States,web_login,High,Credential Stuffing
31,4,20,United Kingdom,admin_panel,High,Bot Attack
3,1,3,China,web_login,Low,Normal
18,12,25,France,web_login,High,Brute Force
2,1,2,United States,web_login,Low,Normal
12,12,24,China,admin_panel,High,Brute Force
14,11,16,France,web_login,High,Brute Force
3,2,0,Australia,web_login,Low,Normal
36,9,18,Germany,admin_panel,High,Brute Force
1,0,1,Canada,admin_panel,Low,Normal
1,2,2,Australia,web_login,Low,Normal
20,8,17,United Kingdom,admin_panel,High,Brute Force
24,12,29,Russia,web_login,High,Brute Force
25,8,24,Brazil,admin_panel,High,Bot Attack
32,7,32,United Kingdom,web_login,High,Bot Attack
33,6,14,Russia,web_login,High,Brute Force
15,5,19,China,web_login,High,Brute Force
1,2,1,Canada,admin_panel,Low,Normal
45,4,18,France,web_login,High,Bot Attack
59,5,30,Russia,web_login,High,Bot Attack
9,14,7,India,web_login,High,Credential Stuffing
59,4,33,United States,web_login,High,Bot Attack
6,14,8,China,web_login,High,Credential Stuffing
1,0,1,Australia,web_login,Low,Normal
3,0,2,Brazil,web_login,Low,Normal
40,8,22,United Kingdom,web_login,High,Bot Attack
7,18,5,China,web_login,High,Credential Stuffing
34,6,19,China,web_login,High,Brute Force
25,4,19,Russia,admin_panel,High,Bot Attack
14,8,6,Germany,web_login,High,Credential Stuffing
37,10,28,Canada,admin_panel,High,Brute Force
1,0,2,Germany,admin_panel,Low,Normal
7,11,7,Germany,web_login,High,Credential Stuffing
27,9,13,Russia,admin_panel,High,Brute Force
32,10,15,Australia,web_login,High,Brute Force
6,11,6,China,admin_panel,High,Credential Stuffing
3,0,1,Russia,web_login,Low,Normal
51,7,15,United States,admin_panel,High,Bot Attack
45,7,22,United Kingdom,admin_panel,High,Bot Attack
55,5,29,China,admin_panel,High,Bot Attack
3,0,0,India,admin_panel,Low,Normal
2,2,2,Russia,admin_panel,Low,Normal
1,2,0,China,admin_panel,Low,Normal
7,9,2,Germany,web_login,High,Credential Stuffing
1,1,1,Germany,web_login,Low,Normal
13,16,4,United States,web_login,High,Credential Stuffing
25,8,20,Canada,web_login,High,Brute Force
9,12,2,Canada,web_login,High,Credential Stuffing
38,8,23,Russia,web_login,High,Bot Attack
3,0,3,United Kingdom,web_login,Low,Normal
2,1,3,Russia,admin_panel,Low,Normal
15,16,3,United Kingdom,admin_panel,High,Credential Stuffing
39,6,29,Australia,admin_panel,High,Brute Force
1,2,2,India,web_login,Low,Normal
14,8,8,Australia,web_login,High,Credential Stuffing
24,5,25,Germany,admin_panel,High,Bot Attack
27,10,10,Australia,web_login,High,Brute Force
15,18,2,Canada,web_login,High,Credential Stuffing
12,12,2,Germany,web_login,High,Credential Stuffing
15,18,5,India,admin_panel,High,Credential Stuffing
38,9,17,China,admin_panel,High,Brute Force
29,5,17,China,admin_panel,High,Brute Force
3,2,2,United Kingdom,admin_panel,Low,Normal
39,10,13,Germany,admin_panel,High,Brute Force
25,8,14,Brazil,web_login,High,Brute Force
53,3,24,Australia,admin_panel,High,Bot Attack
2,2,3,Australia,admin_panel,Low,Normal
14,20,6,France,admin_panel,High,Credential Stuffing
8,16,4,United States,web_login,High,Credential Stuffing
57,5,32,China,web_login,High,Bot Attack
38,9,28,Canada,admin_panel,High,Brute Force
3,2,2,Germany,admin_panel,Low,Normal
15,12,21,India,admin_panel,High,Brute Force
14,8,6,United States,admin_panel,High,Credential Stuffing
44,8,21,Russia,web_login,High,Bot Attack
33,6,20,United States,web_login,High,Brute Force
28,12,30,Canada,web_login,High,Brute Force
7,12,2,Germany,admin_panel,High,Credential Stuffing
23,8,26,France,web_login,High,Bot Attack
5,18,2,Australia,web_login,High,Credential Stuffing
8,18,7,China,web_login,High,Credential Stuffing
28,8,19,Australia,web_login,High,Brute Force
15,17,7,Russia,admin_panel,High,Credential Stuffing
19,5,19,United Kingdom,admin_panel,High,Brute Force
29,3,15,China,admin_panel,High,Bot Attack
2,0,0,France,web_login,Low,Normal
35,6,32,France,admin_panel,High,Bot Attack
31,8,21,Australia,admin_panel,High,Brute Force
9,19,7,China,admin_panel,High,Credential Stuffing
29,9,18,United Kingdom,admin_panel,High,Brute Force
30,8,30,United Kingdom,admin_panel,High,Brute Force
13,15,7,Germany,admin_panel,High,Credential Stuffing
37,8,31,India,admin_panel,High,Bot Attack
3,0,1,China,web_login,Low,Normal
15,11,29,Australia,admin_panel,High,Brute Force
60,5,17,Russia,admin_panel,High,Bot Attack
1,2,3,United Kingdom,admin_panel,Low,Normal
2,0,3,Russia,web_login,Low,Normal
9,13,5,Australia,web_login,High,Credential Stuffing
15,12,8,China,admin_panel,High,Credential Stuffing
13,9,3,India,admin_panel,High,Credential Stuffing
35,12,16,United Kingdom,admin_panel,High,Brute Force
2,2,1,United States,web_login,Low,Normal
9,10,7,United States,admin_panel,High,Credential Stuffing
26,8,31,Brazil,web_login,High,Bot Attack
2,1,0,Canada,web_login,Low,Normal
23,6,24,Brazil,admin_panel,High,Brute Force
3,0,0,Brazil,admin_panel,Low,Normal
10,17,8,Russia,web_login,High,Credential Stuffing
44,6,36,France,web_login,High,Bot Attack
12,11,15,Australia,admin_panel,High,Brute Force
14,8,5,Canada,web_login,High,Credential Stuffing
31,10,10,United States,web_login,High,Brute Force
18,7,26,United Kingdom,web_login,High,Brute Force
8,20,5,Russia,web_login,High,Credential Stuffing
14,6,28,United States,web_login,High,Brute Force
52,3,32,United Kingdom,web_login,High,Bot Attack
29,7,20,United States,admin_panel,High,Bot Attack
21,6,25,India,web_login,High,Brute Force
44,6,21,India,admin_panel,High,Bot Attack
3,0,2,France,admin_panel,Low,Normal
46,5,40,Australia,web_login,High,Bot Attack
36,7,32,Germany,admin_panel,High,Bot Attack
34,10,14,Canada,web_login,High,Brute Force
15,20,6,United States,admin_panel,High,Credential Stuffing
31,11,25,China,admin_panel,High,Brute Force
3,2,2,United States,web_login,Low,Normal
2,2,0,Australia,admin_panel,Low,Normal
2,1,3,Australia,admin_panel,Low,Normal
33,7,23,Germany,web_login,High,Brute Force
19,8,17,France,web_login,High,Brute Force
2,0,3,Australia,admin_panel,Low,Normal
11,20,3,Canada,web_login,High,Credential Stuffing
38,7,17,Germany,web_login,High,Bot Attack
14,18,2,United States,admin_panel,High,Credential Stuffing
35,4,22,United States,admin_panel,High,Bot Attack
58,4,29,China,web_login,High,Bot Attack
37,6,27,China,web_login,High,Brute Force
21,5,17,United States,web_login,High,Brute Force
21,10,29,Russia,web_login,High,Brute Force
5,8,4,United States,admin_panel,High,Credential Stuffing
30,6,15,France,admin_panel,High,Brute Force
40,10,30,China,admin_panel,High,Brute Force
15,8,6,United States,admin_panel,High,Credential Stuffing
8,10,7,Brazil,admin_panel,High,Credential Stuffing
15,7,13,United States,admin_panel,High,Brute Force
1,0,1,France,admin_panel,Low,Normal
14,5,20,Germany,web_login,High,Brute Force
9,15,2,Russia,admin_panel,High,Credential Stuffing
3,2,3,Russia,admin_panel,Low,Normal
47,7,32,Germany,web_login,High,Bot Attack
21,7,24,China,web_login,High,Brute Force
51,8,22,United Kingdom,web_login,High,Bot Attack
1,2,1,United Kingdom,web_login,Low,Normal
9,18,3,China,web_login,High,Credential Stuffing
15,20,2,India,admin_panel,High,Credential Stuffing
57,8,16,Canada,admin_panel,High,Bot Attack
3,1,2,Germany,web_login,Low,Normal
25,11,21,Brazil,admin_panel,High,Brute Force
36,5,16,France,web_login,High,Bot Attack
20,10,22,India,admin_panel,High,Brute Force
1,0,2,Germany,web_login,Low,Normal
12,9,3,United Kingdom,admin_panel,High,Credential Stuffing
15,17,8,China,web_login,High,Credential Stuffing
26,7,19,United Kingdom,admin_panel,High,Bot Attack
7,19,4,Russia,admin_panel,High,Credential Stuffing
6,16,8,Australia,admin_panel,High,Credential Stuffing
5,12,4,Australia,admin_panel,High,Credential Stuffing
2,1,3,United States,admin_panel,Low,Normal
7,9,7,United Kingdom,admin_panel,High,Credential Stuffing
10,12,5,United States,web_login,High,Credential Stuffing
1,2,2,China,web_login,Low,Normal
1,2,1,Canada,web_login,Low,Normal
53,6,26,Brazil,admin_panel,High,Bot Attack
50,7,32,Brazil,web_login,High,Bot Attack
15,15,4,India,web_login,High,Credential Stuffing
14,9,7,United Kingdom,admin_panel,High,Credential Stuffing
33,8,40,Australia,web_login,High,Bot Attack
23,8,31,United Kingdom,web_login,High,Bot Attack
35,11,12,France,web_login,High,Brute Force
41,6,25,Germany,admin_panel,High,Bot Attack
32,8,12,Germany,admin_panel,High,Brute Force
1,1,1,United States,web_login,Low,Normal
29,6,40,China,web_login,High,Bot Attack
12,10,7,Canada,admin_panel,High,Credential Stuffing
12,12,27,India,web_login,High,Brute Force
1,1,1,India,admin_panel,Low,Normal
13,5,10,India,web_login,High,Brute Force
11,16,5,Australia,web_login,High,Credential Stuffing
16,12,15,United States,admin_panel,High,Brute Force
2,2,3,Russia,web_login,Low,Normal
13,18,6,France,admin_panel,High,Credential Stuffing
26,5,38,Australia,admin_panel,High,Bot Attack
31,11,27,China,web_login,High,Brute Force
13,8,29,Brazil,admin_panel,High,Brute Force
11,11,21,Canada,web_login,High,Brute Force
59,4,18,China,web_login,High,Bot Attack
31,7,17,France,web_login,High,Bot Attack
12,11,5,France,web_login,High,Credential Stuffing
9,19,5,India,web_login,High,Credential Stuffing
44,8,22,United States,web_login,High,Bot Attack
13,11,7,Germany,admin_panel,High,Credential Stuffing
29,5,16,Canada,admin_panel,High,Bot Attack
58,8,25,Australia,admin_panel,High,Bot Attack
11,19,8,Germany,web_login,High,Credential Stuffing
45,8,40,Russia,web_login,High,Bot Attack
1,1,2,Brazil,admin_panel,Low,Normal
34,11,30,France,web_login,High,Brute Force
10,18,7,France,admin_panel,High,Credential Stuffing
19,7,10,United Kingdom,web_login,High,Brute Force
20,8,28,Brazil,admin_panel,High,Brute Force
36,10,18,India,web_login,High,Brute Force
3,0,1,India,web_login,Low,Normal
26,6,31,Australia,web_login,High,Bot Attack
3,0,3,Australia,admin_panel,Low,Normal
15,14,6,India,web_login,High,Credential Stuffing
47,7,20,France,admin_panel,High,Bot Attack
3,1,0,Russia,web_login,Low,Normal
3,2,2,Germany,web_login,Low,Normal
14,12,8,United States,web_login,High,Credential Stuffing
13,12,3,Australia,admin_panel,High,Credential Stuffing
48,4,32,Brazil,admin_panel,High,Bot Attack
17,12,28,Australia,web_login,High,Brute Force
1,1,2,India,admin_panel,Low,Normal
22,7,21,Germany,web_login,High,Brute Force
53,7,36,Australia,admin_panel,High,Bot Attack
17,6,22,United Kingdom,admin_panel,High,Brute Force
19,9,16,Russia,web_login,High,Brute Force
31,6,16,United States,admin_panel,High,Bot Attack
29,5,18,United States,web_login,High,Brute Force
36,9,29,Germany,admin_panel,High,Brute Force
3,0,2,United Kingdom,admin_panel,Low,Normal
50,6,37,Germany,web_login,High,Bot Attack
17,7,14,Australia,admin_panel,High,Brute Force
22,3,29,China,web_login,High,Bot Attack
12,8,5,Australia,admin_panel,High,Credential Stuffing
11,9,8,Brazil,admin_panel,High,Credential Stuffing
30,11,26,United States,web_login,High,Brute Force
37,3,29,United States,admin_panel,High,Bot Attack
13,12,7,France,web_login,High,Credential Stuffing
52,3,20,United Kingdom,web_login,High,Bot Attack
12,10,8,Germany,admin_panel,High,Credential Stuffing
36,11,12,China,web_login,High,Brute Force
58,8,25,United Kingdom,web_login,High,Bot Attack
40,3,17,Canada,admin_panel,High,Bot Attack
3,1,0,Canada,web_login,Low,Normal
1,2,3,Australia,web_login,Low,Normal
41,6,21,United Kingdom,web_login,High,Bot Attack
31,7,28,Canada,web_login,High,Bot Attack
37,12,23,France,web_login,High,Brute Force
36,7,20,United Kingdom,web_login,High,Bot Attack
28,8,26,Russia,admin_panel,High,Bot Attack
5,17,6,Germany,web_login,High,Credential Stuffing
29,3,38,Australia,web_login,High,Bot Attack
6,8,7,United States,admin_panel,High,Credential Stuffing
10,19,2,China,web_login,High,Credential Stuffing
32,12,20,Brazil,admin_panel,High,Brute Force
36,11,19,United Kingdom,admin_panel,High,Brute Force
19,7,25,Germany,web_login,High,Brute Force
16,11,12,United States,admin_panel,High,Brute Force
8,9,7,Russia,admin_panel,High,Credential Stuffing
32,8,39,Canada,web_login,High,Bot Attack
30,10,19,Canada,web_login,High,Brute Force
54,5,16,Canada,web_login,High,Bot Attack
29,8,17,Australia,web_login,High,Brute Force
2,0,0,Australia,web_login,Low,Normal
34,8,16,India,admin_panel,High,Brute Force
2,2,2,United States,web_login,Low,Normal
1,0,2,China,web_login,Low,Normal
31,8,18,China,admin_panel,High,Brute Force
21,4,38,Germany,admin_panel,High,Bot Attack
12,7,13,France,admin_panel,High,Brute Force
9,15,2,India,web_login,High,Credential Stuffing
20,6,22,Canada,web_login,High,Brute Force
2,2,3,United States,admin_panel,Low,Normal
1,0,1,Canada,admin_panel,Low,Normal
34,5,20,Russia,web_login,High,Brute Force
15,18,5,Australia,admin_panel,High,Credential Stuffing
11,13,8,Germany,web_login,High,Credential Stuffing
49,3,32,United States,web_login,High,Bot Attack
29,9,21,France,admin_panel,High,Brute Force
23,10,21,Russia,web_login,High,Brute Force
1,2,2,China,admin_panel,Low,Normal
7,15,4,Germany,admin_panel,High,Credential Stuffing
15,8,5,Germany,web_login,High,Credential Stuffing
58,4,33,Canada,admin_panel,High,Bot Attack
37,7,18,United States,admin_panel,High,Brute Force
45,4,31,Germany,web_login,High,Bot Attack
20,3,19,China,admin_panel,High,Bot Attack
14,11,10,France,admin_panel,High,Brute Force
51,7,28,Canada,admin_panel,High,Bot Attack
49,6,17,Canada,web_login,High,Bot Attack
19,12,24,Russia,admin_panel,High,Brute Force
2,2,1,France,admin_panel,Low,Normal
2,2,1,Germany,web_login,Low,Normal
59,7,17,United Kingdom,web_login,High,Bot Attack
22,5,32,China,admin_panel,High,Bot Attack
13,12,7,France,admin_panel,High,Credential Stuffing
23,5,23,India,admin_panel,High,Brute Force
3,2,1,Australia,admin_panel,Low,Normal
2,1,0,United Kingdom,admin_panel,Low,Normal
10,14,7,United States,admin_panel,High,Credential Stuffing
40,7,28,Germany,web_login,High,Brute Force
13,16,5,Australia,admin_panel,High,Credential Stuffing
17,11,17,India,admin_panel,High,Brute Force
10,7,30,Russia,admin_panel,High,Brute Force
3,1,0,United Kingdom,web_login,Low,Normal
12,10,7,Brazil,web_login,High,Credential Stuffing
30,5,16,Australia,admin_panel,High,Bot Attack
5,13,4,Russia,admin_panel,High,Credential Stuffing
2,0,0,China,web_login,Low,Normal
28,10,25,Brazil,admin_panel,High,Brute Force
3,0,2,Germany,web_login,Low,Normal
49,4,35,China,web_login,High,Bot Attack
27,10,14,Germany,web_login,High,Brute Force
5,17,6,India,admin_panel,High,Credential Stuffing
41,4,16,Brazil,admin_panel,High,Bot Attack
1,2,3,Canada,web_login,Low,Normal
9,16,5,France,admin_panel,High,Credential Stuffing
15,17,3,France,web_login,High,Credential Stuffing
35,7,34,India,admin_panel,High,Bot Attack
16,5,18,Russia,admin_panel,High,Brute Force
57,8,28,Germany,web_login,High,Bot Attack
23,4,40,Russia,web_login,High,Bot Attack
13,13,6,Russia,admin_panel,High,Credential Stuffing
1,0,1,China,admin_panel,Low,Normal
16,5,29,United Kingdom,admin_panel,High,Brute Force
28,5,16,Canada,web_login,High,Bot Attack
3,2,0,United States,web_login,Low,Normal
1,1,2,France,web_login,Low,Normal
2,1,0,United States,admin_panel,Low,Normal
29,8,31,Germany,admin_panel,High,Bot Attack
50,4,35,Brazil,admin_panel,High,Bot Attack
13,10,12,Canada,web_login,High,Brute Force
5,8,2,India,admin_panel,High,Credential Stuffing
1,1,3,Germany,admin_panel,Low,Normal
3,0,0,Canada,admin_panel,Low,Normal
15,16,5,India,admin_panel,High,Credential Stuffing
40,8,19,Australia,admin_panel,High,Brute Force
1,2,1,Australia,web_login,Low,Normal
20,4,21,Canada,admin_panel,High,Bot Attack
30,7,20,Canada,web_login,High,Brute Force
33,10,20,United States,admin_panel,High,Brute Force
39,12,17,Canada,web_login,High,Brute Force
39,7,24,United Kingdom,web_login,High,Brute Force
1,1,3,Canada,admin_panel,Low,Normal
1,2,1,India,web_login,Low,Normal
52,6,40,United States,admin_panel,High,Bot Attack
15,12,2,United States,admin_panel,High,Credential Stuffing
1,0,1,Brazil,web_login,Low,Normal
14,16,3,France,admin_panel,High,Credential Stuffing
55,8,35,Germany,admin_panel,High,Bot Attack
2,1,0,United Kingdom,admin_panel,Low,Normal
5,18,2,Germany,web_login,High,Credential Stuffing
1,2,3,Canada,web_login,Low,Normal
52,6,31,Brazil,admin_panel,High,Bot Attack
21,9,12,Australia,admin_panel,High,Brute Force
54,4,17,Germany,web_login,High,Bot Attack
33,3,37,India,admin_panel,High,Bot Attack
39,9,16,Australia,admin_panel,High,Brute Force
3,0,2,China,admin_panel,Low,Normal
13,16,2,United States,web_login,High,Credential Stuffing
32,10,27,India,admin_panel,High,Brute Force
22,5,38,Canada,web_login,High,Bot Attack
1,0,1,Russia,web_login,Low,Normal
27,4,38,Australia,web_login,High,Bot Attack
29,10,26,China,web_login,High,Brute Force
1,0,3,Brazil,web_login,Low,Normal
13,7,26,India,admin_panel,High,Brute Force
44,7,19,Australia,web_login,High,Bot Attack
7,20,5,United Kingdom,web_login,High,Credential Stuffing
8,16,4,France,web_login,High,Credential Stuffing
40,10,30,France,admin_panel,High,Brute Force
20,3,30,France,web_login,High,Bot Attack
3,1,0,India,admin_panel,Low,Normal
13,20,7,Brazil,web_login,High,Credential Stuffing
2,2,0,United States,web_login,Low,Normal
24,3,30,India,web_login,High,Bot Attack
40,8,37,China,admin_panel,High,Bot Attack
35,10,27,United States,web_login,High,Brute Force
15,10,2,France,web_login,High,Credential Stuffing
28,3,31,Germany,web_login,High,Bot Attack
30,6,29,United Kingdom,admin_panel,High,Bot Attack
50,3,27,United Kingdom,web_login,High,Bot Attack
2,0,1,Canada,admin_panel,Low,Normal
28,5,24,Germany,web_login,High,Brute Force
15,11,7,Brazil,web_login,High,Credential Stuffing
43,3,34,United Kingdom,web_login,High,Bot Attack
14,10,5,Brazil,admin_panel,High,Credential Stuffing
24,5,27,United Kingdom,web_login,High,Bot Attack
24,8,25,China,admin_panel,High,Brute Force
1,2,1,Canada,admin_panel,Low,Normal
6,11,6,United States,admin_panel,High,Credential Stuffing
49,3,21,Brazil,web_login,High,Bot Attack
16,7,26,France,admin_panel,High,Brute Force
27,10,18,United Kingdom,web_login,High,Brute Force
47,4,16,France,web_login,High,Bot Attack
12,11,6,Canada,web_login,High,Credential Stuffing
2,0,3,Germany,admin_panel,Low,Normal
40,6,32,Russia,admin_panel,High,Bot Attack
6,12,6,France,web_login,High,Credential Stuffing
1,0,0,France,admin_panel,Low,Normal
12,9,24,China,web_login,High,Brute Force
21,8,11,Canada,web_login,High,Brute Force
15,12,2,Russia,web_login,High,Credential Stuffing
3,1,3,United Kingdom,admin_panel,Low,Normal
20,4,27,China,web_login,High,Bot Attack
11,12,4,Russia,admin_panel,High,Credential Stuffing
1,0,1,United States,admin_panel,Low,Normal
45,7,23,China,admin_panel,High,Bot Attack
3,0,2,Australia,admin_panel,Low,Normal
7,10,8,United States,admin_panel,High,Credential Stuffing
6,14,3,United Kingdom,web_login,High,Credential Stuffing
12,10,3,India,admin_panel,High,Credential Stuffing
19,12,12,United States,web_login,High,Brute Force
21,6,26,Brazil,web_login,High,Brute Force
9,20,7,United States,web_login,High,Credential Stuffing
14,13,4,India,admin_panel,High,Credential Stuffing
17,11,29,Germany,web_login,High,Brute Force
7,8,6,Australia,web_login,High,Credential Stuffing
20,7,17,Germany,web_login,High,Bot Attack
35,7,25,United States,web_login,High,Brute Force
13,16,4,China,admin_panel,High,Credential Stuffing
2,1,3,Canada,web_login,Low,Normal
58,3,23,France,admin_panel,High,Bot Attack
13,8,7,Australia,web_login,High,Credential Stuffing
13,8,29,Russia,web_login,High,Brute Force
1,2,1,Canada,web_login,Low,Normal
38,7,24,Brazil,admin_panel,High,Bot Attack
26,6,21,France,admin_panel,High,Bot Attack
36,4,30,United Kingdom,web_login,High,Bot Attack
1,0,0,Canada,web_login,Low,Normal
35,8,32,Canada,admin_panel,High,Bot Attack
2,2,0,Russia,admin_panel,Low,Normal
33,8,18,France,admin_panel,High,Brute Force
10,15,4,United Kingdom,web_login,High,Credential Stuffing
32,7,40,France,web_login,High,Bot Attack
60,3,19,France,admin_panel,High,Bot Attack
19,12,21,Russia,admin_panel,High,Brute Force
3,0,3,Canada,web_login,Low,Normal
21,7,21,United States,web_login,High,Brute Force
24,8,34,Australia,admin_panel,High,Bot Attack
1,2,2,United Kingdom,admin_panel,Low,Normal
24,8,13,United States,web_login,High,Brute Force
44,4,19,India,web_login,High,Bot Attack
33,12,12,India,admin_panel,High,Brute Force
2,1,1,Germany,admin_panel,Low,Normal
18,8,25,United States,web_login,High,Brute Force
30,5,19,United Kingdom,admin_panel,High,Brute Force
2,0,2,United Kingdom,admin_panel,Low,Normal
14,14,5,France,admin_panel,High,Credential Stuffing
1,0,2,China,admin_panel,Low,Normal
21,11,17,Australia,web_login,High,Brute Force
1,2,0,Brazil,admin_panel,Low,Normal
1,1,2,Australia,admin_panel,Low,Normal
1,0,0,United Kingdom,admin_panel,Low,Normal
1,0,3,France,admin_panel,Low,Normal
2,1,2,United States,admin_panel,Low,Normal
14,12,25,Canada,admin_panel,High,Brute Force
20,6,30,Germany,admin_panel,High,Bot Attack
24,6,39,India,web_login,High,Bot Attack
60,4,18,Russia,admin_panel,High,Bot Attack
40,6,15,Russia,admin_panel,High,Bot Attack
42,8,32,Germany,admin_panel,High,Bot Attack
13,19,3,Canada,admin_panel,High,Credential Stuffing
21,10,11,India,web_login,High,Brute Force
16,9,18,China,admin_panel,High,Brute Force
5,16,8,Russia,web_login,High,Credential Stuffing
20,10,11,Canada,web_login,High,Brute Force
18,10,27,China,admin_panel,High,Brute Force
11,15,3,Australia,web_login,High,Credential Stuffing
25,4,20,Russia,admin_panel,High,Bot Attack
17,10,27,India,admin_panel,High,Brute Force
24,8,27,Canada,admin_panel,High,Bot Attack
60,8,15,Australia,web_login,High,Bot Attack
58,4,23,Brazil,web_login,High,Bot Attack
29,6,32,Canada,web_login,High,Bot Attack
1,1,1,Brazil,admin_panel,Low,Normal
60,8,29,Australia,admin_panel,High,Bot Attack
1,2,1,India,web_login,Low,Normal
25,7,22,China,admin_panel,High,Brute Force
19,8,19,India,web_login,High,Brute Force
9,16,2,United States,web_login,High,Credential Stuffing
15,8,4,France,web_login,High,Credential Stuffing
26,8,11,Russia,admin_panel,High,Brute Force
53,8,21,Russia,web_login,High,Bot Attack
21,5,11,United Kingdom,web_login,High,Brute Force
37,8,28,United States,admin_panel,High,Brute Force
29,10,17,Canada,admin_panel,High,Brute Force
45,3,25,United Kingdom,admin_panel,High,Bot Attack
25,5,25,India,web_login,High,Brute Force
1,1,0,China,web_login,Low,Normal
39,5,35,Canada,web_login,High,Bot Attack
11,10,4,Australia,web_login,High,Credential Stuffing
54,8,22,United States,admin_panel,High,Bot Attack
11,17,7,India,web_login,High,Credential Stuffing
2,0,2,India,admin_panel,Low,Normal
58,6,33,Australia,web_login,High,Bot Attack
8,8,7,United Kingdom,admin_panel,High,Credential Stuffing
14,10,3,Australia,web_login,High,Credential Stuffing
12,11,8,Australia,admin_panel,High,Credential Stuffing
46,6,29,France,admin_panel,High,Bot Attack
41,8,35,India,web_login,High,Bot Attack
36,8,25,Brazil,web_login,High,Brute Force
40,5,24,United States,web_login,High,Bot Attack
28,7,16,Russia,admin_panel,High,Brute Force
10,11,22,United Kingdom,web_login,High,Brute Force
15,5,23,India,admin_panel,High,Brute Force
38,8,10,United States,web_login,High,Brute Force
32,5,31,France,web_login,High,Bot Attack
1,1,1,United Kingdom,web_login,Low,Normal
39,5,28,Brazil,web_login,High,Brute Force
8,14,6,United Kingdom,web_login,High,Credential Stuffing
13,12,5,Australia,admin_panel,High,Credential Stuffing
1,1,2,Australia,admin_panel,Low,Normal
2,1,0,Canada,web_login,Low,Normal
3,2,2,Canada,web_login,Low,Normal
32,7,27,United States,web_login,High,Bot Attack
22,5,22,United Kingdom,web_login,High,Brute Force
24,10,28,United States,web_login,High,Brute Force
39,12,26,India,admin_panel,High,Brute Force
15,19,8,China,admin_panel,High,Credential Stuffing
1,2,2,Brazil,admin_panel,Low,Normal
19,11,12,Germany,admin_panel,High,Brute Force
20,7,23,Canada,web_login,High,Brute Force
6,15,3,Australia,web_login,High,Credential Stuffing
1,1,1,France,admin_panel,Low,Normal
24,9,16,India,admin_panel,High,Brute Force
6,12,5,United Kingdom,web_login,High,Credential Stuffing
39,9,27,China,web_login,High,Brute Force
10,12,5,Australia,admin_panel,High,Credential Stuffing
32,10,25,Russia,web_login,High,Brute Force
23,6,20,France,admin_panel,High,Brute Force
10,12,29,India,web_login,High,Brute Force
33,9,17,United Kingdom,admin_panel,High,Brute Force
13,8,5,France,admin_panel,High,Credential Stuffing
9,19,6,United Kingdom,admin_panel,High,Credential Stuffing
30,6,10,China,web_login,High,Brute Force
2,2,2,Germany,web_login,Low,Normal
26,8,40,Brazil,web_login,High,Bot Attack
3,0,0,Brazil,admin_panel,Low,Normal
45,7,23,Canada,admin_panel,High,Bot Attack
16,9,18,Russia,admin_panel,High,Brute Force
2,2,2,Brazil,web_login,Low,Normal
11,11,25,United States,admin_panel,High,Brute Force
8,20,7,United Kingdom,web_login,High,Credential Stuffing
5,18,4,United Kingdom,web_login,High,Credential Stuffing
3,1,3,France,admin_panel,Low,Normal
40,6,31,Australia,admin_panel,High,Bot Attack
41,4,25,France,admin_panel,High,Bot Attack
38,12,11,China,web_login,High,Brute Force
17,5,18,Russia,admin_panel,High,Brute Force
1,2,1,Germany,admin_panel,Low,Normal
1,0,1,Brazil,admin_panel,Low,Normal
59,3,28,Australia,web_login,High,Bot Attack
12,19,2,China,web_login,High,Credential Stuffing
56,5,23,United Kingdom,admin_panel,High,Bot Attack
14,8,4,China,admin_panel,High,Credential Stuffing
1,2,3,United Kingdom,admin_panel,Low,Normal
13,11,3,Russia,admin_panel,High,Credential Stuffing
14,10,7,Brazil,admin_panel,High,Credential Stuffing
45,8,36,United Kingdom,web_login,High,Bot Attack
42,5,26,United Kingdom,admin_panel,High,Bot Attack
40,11,10,Germany,web_login,High,Brute Force
14,9,8,Germany,web_login,High,Credential Stuffing
2,1,3,Canada,admin_panel,Low,Normal
17,12,29,France,web_login,High,Brute Force
2,1,1,Russia,web_login,Low,Normal
55,3,27,China,web_login,High,Bot Attack
2,1,2,Brazil,admin_panel,Low,Normal
17,6,15,United States,admin_panel,High,Brute Force
1,2,2,Germany,web_login,Low,Normal
45,3,19,China,admin_panel,High,Bot Attack
37,8,14,United States,admin_panel,High,Brute Force
12,17,7,Russia,web_login,High,Credential Stuffing
6,9,4,United Kingdom,web_login,High,Credential Stuffing
1,2,1,China,web_login,Low,Normal
2,0,3,United States,web_login,Low,Normal
44,4,27,China,web_login,High,Bot Attack
29,7,20,Australia,web_login,High,Brute Force
39,6,15,Australia,admin_panel,High,Bot Attack
24,6,21,Brazil,admin_panel,High,Brute Force
1,2,0,Germany,web_login,Low,Normal
46,5,40,France,admin_panel,High,Bot Attack
3,1,3,India,admin_panel,Low,Normal
3,0,0,United Kingdom,admin_panel,Low,Normal
1,2,1,Russia,admin_panel,Low,Normal
6,19,6,Russia,admin_panel,High,Credential Stuffing
24,4,23,Australia,admin_panel,High,Bot Attack
17,10,20,Brazil,admin_panel,High,Brute Force
12,10,25,United Kingdom,admin_panel,High,Brute Force
7,20,7,China,admin_panel,High,Credential Stuffing
10,7,10,France,web_login,High,Brute Force
33,5,39,Russia,admin_panel,High,Bot Attack
3,0,3,Germany,web_login,Low,Normal
36,7,24,Brazil,admin_panel,High,Bot Attack
23,12,19,India,web_login,High,Brute Force
47,8,39,China,admin_panel,High,Bot Attack
49,7,27,China,admin_panel,High,Bot Attack
7,10,7,United Kingdom,web_login,High,Credential Stuffing
10,8,5,United States,web_login,High,Credential Stuffing
8,9,4,France,admin_panel,High,Credential Stuffing
11,15,3,France,admin_panel,High,Credential Stuffing
18,11,15,Canada,web_login,High,Brute Force
1,1,0,France,admin_panel,Low,Normal
12,13,2,China,admin_panel,High,Credential Stuffing
3,2,3,China,admin_panel,Low,Normal
24,3,30,Germany,admin_panel,High,Bot Attack
55,3,23,Canada,web_login,High,Bot Attack
13,15,7,United States,web_login,High,Credential Stuffing
2,1,3,United States,admin_panel,Low,Normal
2,0,1,United States,admin_panel,Low,Normal
33,8,36,Canada,admin_panel,High,Bot Attack
1,0,3,Canada,admin_panel,Low,Normal
30,7,22,United Kingdom,admin_panel,High,Bot Attack
11,14,8,United States,admin_panel,High,Credential Stuffing
43,8,23,Germany,web_login,High,Bot Attack
43,5,30,France,admin_panel,High,Bot Attack
3,0,3,Australia,web_login,Low,Normal
14,9,2,Russia,web_login,High,Credential Stuffing
7,18,5,China,web_login,High,Credential Stuffing
32,8,13,China,admin_panel,High,Brute Force
7,19,6,Germany,admin_panel,High,Credential Stuffing
3,1,3,China,web_login,Low,Normal
1,2,0,Brazil,admin_panel,Low,Normal
23,6,17,Russia,admin_panel,High,Brute Force
20,9,18,United States,admin_panel,High,Brute Force
2,0,0,Australia,admin_panel,Low,Normal
36,9,25,United States,web_login,High,Brute Force
3,1,1,Russia,admin_panel,Low,Normal
2,1,2,Russia,admin_panel,Low,Normal
36,10,19,France,web_login,High,Brute Force
3,0,3,United Kingdom,admin_panel,Low,Normal
14,11,4,Canada,web_login,High,Credential Stuffing
56,4,34,Australia,web_login,High,Bot Attack
5,11,2,United States,admin_panel,High,Credential Stuffing
12,7,23,Russia,web_login,High,Brute Force
35,9,24,Brazil,web_login,High,Brute Force
20,5,36,Brazil,admin_panel,High,Bot Attack
31,7,15,Canada,admin_panel,High,Bot Attack
2,1,0,United Kingdom,web_login,Low,Normal
2,2,1,United Kingdom,admin_panel,Low,Normal
5,10,8,Canada,admin_panel,High,Credential Stuffing
31,9,29,United States,web_login,High,Brute Force
3,0,0,Brazil,web_login,Low,Normal
14,11,3,India,admin_panel,High,Credential Stuffing
1,1,2,India,admin_panel,Low,Normal
10,7,17,Brazil,admin_panel,High,Brute Force
2,1,3,Germany,admin_panel,Low,Normal
5,19,3,Russia,admin_panel,High,Credential Stuffing
24,9,28,United States,web_login,High,Brute Force
29,7,33,Brazil,admin_panel,High,Bot Attack
14,17,5,United Kingdom,web_login,High,Credential Stuffing
28,7,21,India,web_login,High,Bot Attack
37,11,16,United Kingdom,admin_panel,High,Brute Force
10,11,8,Australia,admin_panel,High,Credential Stuffing
46,3,30,Canada,web_login,High,Bot Attack
15,11,5,Russia,admin_panel,High,Credential Stuffing
15,18,4,United States,admin_panel,High,Credential Stuffing
45,6,38,India,web_login,High,Bot Attack
2,1,0,Australia,web_login,Low,Normal
12,19,3,United States,admin_panel,High,Credential Stuffing
15,8,2,Canada,web_login,High,Credential Stuffing
1,2,3,Germany,web_login,Low,Normal
1,0,1,Germany,web_login,Low,Normal
2,2,1,Australia,admin_panel,Low,Normal
15,10,18,Australia,web_login,High,Brute Force
52,8,18,Australia,web_login,High,Bot Attack
2,2,2,United States,web_login,Low,Normal
23,7,35,Canada,web_login,High,Bot Attack
1,0,0,Brazil,web_login,Low,Normal
5,18,2,Germany,web_login,High,Credential Stuffing
1,1,2,Canada,web_login,Low,Normal
40,11,23,France,web_login,High,Brute Force
60,3,30,Australia,web_login,High,Bot Attack
38,6,23,United States,admin_panel,High,Brute Force
59,6,27,China,admin_panel,High,Bot Attack
19,12,24,Brazil,web_login,High,Brute Force
5,9,4,China,web_login,High,Credential Stuffing
27,10,22,Germany,web_login,High,Brute Force
11,11,3,Germany,web_login,High,Credential Stuffing
2,2,3,China,web_login,Low,Normal
26,8,22,India,admin_panel,High,Bot Attack
30,8,23,Brazil,web_login,High,Brute Force
35,5,24,Brazil,admin_panel,High,Brute Force
24,3,18,India,web_login,High,Bot Attack
6,19,3,Canada,web_login,High,Credential Stuffing
39,11,25,Russia,admin_panel,High,Brute Force
20,10,29,Russia,admin_panel,High,Brute Force
38,8,20,Australia,web_login,High,Bot Attack
25,6,26,India,web_login,High,Bot Attack
26,7,13,Brazil,web_login,High,Brute Force
6,18,7,United States,admin_panel,High,Credential Stuffing
3,1,1,Russia,web_login,Low,Normal
49,8,16,Brazil,admin_panel,High,Bot Attack
33,5,24,United States,admin_panel,High,Bot Attack
5,15,8,United States,web_login,High,Credential Stuffing
39,7,21,Brazil,web_login,High,Brute Force
2,2,3,Germany,admin_panel,Low,Normal
8,16,4,Brazil,web_login,High,Credential Stuffing
31,7,11,United States,web_login,High,Brute Force
1,2,2,Canada,admin_panel,Low,Normal
21,8,20,France,admin_panel,High,Bot Attack
2,1,3,Australia,admin_panel,Low,Normal
14,15,7,United Kingdom,admin_panel,High,Credential Stuffing
1,1,3,China,web_login,Low,Normal
51,7,35,Brazil,admin_panel,High,Bot Attack
10,11,6,Australia,admin_panel,High,Credential Stuffing
39,10,27,Brazil,admin_panel,High,Brute Force
37,5,10,China,web_login,High,Brute Force
10,20,2,Australia,admin_panel,High,Credential Stuffing
1,1,3,Germany,web_login,Low,Normal
2,2,1,China,web_login,Low,Normal
28,9,16,India,web_login,High,Brute Force
43,4,27,Australia,admin_panel,High,Bot Attack
12,8,19,Brazil,web_login,High,Brute Force
14,11,20,China,web_login,High,Brute Force
36,11,14,India,web_login,High,Brute Force
1,2,1,United States,admin_panel,Low,Normal
3,1,0,United Kingdom,admin_panel,Low,Normal
2,0,2,China,web_login,Low,Normal
12,15,3,United States,admin_panel,High,Credential Stuffing
35,7,28,Germany,web_login,High,Bot Attack
2,0,3,United States,web_login,Low,Normal
18,7,25,Canada,web_login,High,Brute Force
22,4,33,France,admin_panel,High,Bot Attack
30,5,18,Australia,admin_panel,High,Bot Attack
36,12,13,Brazil,web_login,High,Brute Force
24,6,10,India,admin_panel,High,Brute Force
2,0,3,Germany,web_login,Low,Normal
1,0,1,India,web_login,Low,Normal
2,1,3,Russia,web_login,Low,Normal
12,20,7,France,admin_panel,High,Credential Stuffing
3,1,2,France,web_login,Low,Normal
3,0,3,Germany,admin_panel,Low,Normal
2,2,3,France,admin_panel,Low,Normal
14,10,2,Germany,admin_panel,High,Credential Stuffing
8,11,4,Canada,admin_panel,High,Credential Stuffing
27,4,26,China,web_login,High,Bot Attack
2,1,2,Canada,admin_panel,Low,Normal
11,11,2,Russia,web_login,High,Credential Stuffing
53,6,28,United Kingdom,admin_panel,High,Bot Attack
13,11,8,United Kingdom,web_login,High,Credential Stuffing
18,8,15,India,admin_panel,High,Brute Force
15,19,6,China,web_login,High,Credential Stuffing
1,1,0,United Kingdom,web_login,Low,Normal
24,6,11,France,admin_panel,High,Brute Force
52,3,19,Australia,web_login,High,Bot Attack
5,19,5,France,web_login,High,Credential Stuffing
7,8,7,Germany,admin_panel,High,Credential Stuffing
24,7,24,Germany,admin_panel,High,Brute Force
40,11,10,Russia,admin_panel,High,Brute Force
3,0,2,Germany,web_login,Low,Normal
6,15,6,Canada,admin_panel,High,Credential Stuffing
9,14,7,India,admin_panel,High,Credential Stuffing
5,12,5,United States,admin_panel,High,Credential Stuffing
26,6,22,Russia,web_login,High,Bot Attack
39,12,11,France,web_login,High,Brute Force
6,17,6,Canada,admin_panel,High,Credential Stuffing
10,8,2,United Kingdom,admin_panel,High,Credential Stuffing
8,20,7,France,admin_panel,High,Credential Stuffing
22,5,40,China,web_login,High,Bot Attack
29,11,13,Russia,web_login,High,Brute Force
13,10,5,France,admin_panel,High,Credential Stuffing
16,8,14,Germany,admin_panel,High,Brute Force
25,5,10,Australia,web_login,High,Brute Force
13,18,4,India,web_login,High,Credential Stuffing
12,20,4,France,web_login,High,Credential Stuffing
13,9,6,Australia,web_login,High,Credential Stuffing
2,1,0,Russia,web_login,Low,Normal
15,20,3,Russia,web_login,High,Credential Stuffing
7,11,7,China,web_login,High,Credential Stuffing
1,0,2,China,web_login,Low,Normal
35,12,28,China,web_login,High,Brute Force
1,0,0,Australia,admin_panel,Low,Normal
15,7,29,Australia,admin_panel,High,Brute Force
19,10,24,Canada,admin_panel,High,Brute Force
3,1,1,United States,web_login,Low,Normal
1,1,3,Germany,admin_panel,Low,Normal
2,0,3,Brazil,web_login,Low,Normal
2,2,1,China,admin_panel,Low,Normal
53,3,29,United Kingdom,web_login,High,Bot Attack
36,5,30,Canada,web_login,High,Brute Force
14,8,4,Australia,admin_panel,High,Credential Stuffing
21,11,10,Australia,web_login,High,Brute Force
25,7,28,Germany,admin_panel,High,Brute Force
13,14,7,Australia,admin_panel,High,Credential Stuffing
3,1,0,Germany,web_login,Low,Normal
11,19,2,Brazil,admin_panel,High,Credential Stuffing
2,0,1,United Kingdom,web_login,Low,Normal
23,8,24,Germany,web_login,High,Brute Force
3,2,3,Australia,web_login,Low,Normal
23,9,25,United States,admin_panel,High,Brute Force
5,18,4,United Kingdom,web_login,High,Credential Stuffing
37,10,22,India,admin_panel,High,Brute Force
5,13,8,France,web_login,High,Credential Stuffing
47,6,34,United Kingdom,web_login,High,Bot Attack
3,0,2,France,admin_panel,Low,Normal
3,1,1,United States,web_login,Low,Normal
2,0,1,Canada,admin_panel,Low,Normal
2,1,1,Australia,admin_panel,Low,Normal
13,11,5,China,web_login,High,Credential Stuffing
29,8,23,India,admin_panel,High,Bot Attack
33,11,10,China,admin_panel,High,Brute Force
24,4,21,Canada,web_login,High,Bot Attack
5,14,2,India,web_login,High,Credential Stuffing
5,16,6,Germany,admin_panel,High,Credential Stuffing
11,9,20,Brazil,web_login,High,Brute Force
17,9,21,United States,web_login,High,Brute Force
5,16,8,France,admin_panel,High,Credential Stuffing
25,12,18,Canada,web_login,High,Brute Force
2,2,3,Brazil,admin_panel,Low,Normal
17,10,28,United States,admin_panel,High,Brute Force
19,6,12,Brazil,web_login,High,Brute Force
1,2,3,Australia,admin_panel,Low,Normal
43,5,26,United States,admin_panel,High,Bot Attack
48,3,25,India,admin_panel,High,Bot Attack
2,1,0,India,admin_panel,Low,Normal
51,7,23,United States,web_login,High,Bot Attack
32,5,22,China,admin_panel,High,Brute Force
16,8,21,Germany,admin_panel,High,Brute Force
6,9,5,India,web_login,High,Credential Stuffing
13,13,8,France,admin_panel,High,Credential Stuffing
22,4,30,France,admin_panel,High,Bot Attack
11,12,7,United Kingdom,web_login,High,Credential Stuffing
9,8,3,Brazil,admin_panel,High,Credential Stuffing
32,10,28,United States,admin_panel,High,Brute Force
57,4,36,France,admin_panel,High,Bot Attack
3,2,0,India,web_login,Low,Normal
9,11,5,Australia,admin_panel,High,Credential Stuffing
1,1,3,United Kingdom,web_login,Low,Normal
51,8,40,India,admin_panel,High,Bot Attack
14,20,4,China,web_login,High,Credential Stuffing
58,7,34,China,admin_panel,High,Bot Attack
10,14,4,Australia,admin_panel,High,Credential Stuffing
24,8,24,Canada,web_login,High,Bot Attack
1,0,2,France,admin_panel,Low,Normal
31,4,36,France,web_login,High,Bot Attack
20,11,26,Brazil,web_login,High,Brute Force
2,0,1,China,admin_panel,Low,Normal
8,16,2,United States,admin_panel,High,Credential Stuffing
35,7,17,United Kingdom,web_login,High,Brute Force
15,11,3,United Kingdom,web_login,High,Credential Stuffing
12,20,7,India,admin_panel,High,Credential Stuffing
1,0,2,China,admin_panel,Low,Normal
24,5,24,Brazil,admin_panel,High,Bot Attack
23,10,14,Australia,web_login,High,Brute Force
26,7,20,Germany,web_login,High,Brute Force
6,8,7,Brazil,web_login,High,Credential Stuffing
38,7,32,Australia,web_login,High,Bot Attack
57,5,26,India,web_login,High,Bot Attack
2,0,3,Canada,web_login,Low,Normal
5,16,7,Australia,admin_panel,High,Credential Stuffing
34,7,39,Russia,admin_panel,High,Bot Attack
12,12,14,France,admin_panel,High,Brute Force
1,0,1,Brazil,admin_panel,Low,Normal
15,19,5,India,web_login,High,Credential Stuffing
11,11,11,Brazil,web_login,High,Brute Force
13,12,8,China,admin_panel,High,Credential Stuffing
40,4,15,China,web_login,High,Bot Attack
36,3,19,Russia,admin_panel,High,Bot Attack
7,19,6,China,admin_panel,High,Credential Stuffing
5,11,5,United Kingdom,web_login,High,Credential Stuffing
40,9,21,China,web_login,High,Brute Force
22,8,28,India,web_login,High,Bot Attack
3,1,0,India,web_login,Low,Normal
9,20,2,United States,admin_panel,High,Credential Stuffing
1,0,3,Brazil,admin_panel,Low,Normal
5,15,7,Australia,web_login,High,Credential Stuffing
3,2,3,Germany,admin_panel,Low,Normal
35,6,40,Australia,web_login,High,Bot Attack
33,8,11,China,admin_panel,High,Brute Force
2,1,0,Brazil,admin_panel,Low,Normal
2,0,2,Australia,web_login,Low,Normal
8,17,5,France,admin_panel,High,Credential Stuffing
42,5,37,China,web_login,High,Bot Attack
35,10,19,Canada,admin_panel,High,Brute Force
43,7,35,China,admin_panel,High,Bot Attack
43,5,15,France,web_login,High,Bot Attack
3,0,3,United States,admin_panel,Low,Normal
2,0,0,Australia,web_login,Low,Normal
32,7,28,China,web_login,High,Brute Force
10,14,2,Canada,admin_panel,High,Credential Stuffing
59,5,31,Germany,admin_panel,High,Bot Attack
6,12,3,Brazil,web_login,High,Credential Stuffing
2,0,3,Germany,admin_panel,Low,Normal
29,5,25,Russia,web_login,High,Brute Force
1,2,1,Russia,web_login,Low,Normal
35,5,24,United States,admin_panel,High,Bot Attack
11,8,4,Brazil,admin_panel,High,Credential Stuffing
48,7,26,China,admin_panel,High,Bot Attack
6,13,6,Canada,admin_panel,High,Credential Stuffing
30,10,11,United Kingdom,web_login,High,Brute Force
34,7,32,United Kingdom,admin_panel,High,Bot Attack
36,4,38,India,web_login,High,Bot Attack
26,5,17,China,admin_panel,High,Bot Attack
14,18,3,France,web_login,High,Credential Stuffing
33,6,13,United Kingdom,web_login,High,Brute Force
46,3,31,Canada,admin_panel,High,Bot Attack
3,0,0,Australia,web_login,Low,Normal
12,9,28,Australia,admin_panel,High,Brute Force
10,16,3,Germany,admin_panel,High,Credential Stuffing
39,12,18,Germany,web_login,High,Brute Force
35,7,17,India,web_login,High,Bot Attack
55,4,37,United States,web_login,High,Bot Attack
2,1,0,Brazil,web_login,Low,Normal
5,18,7,Brazil,web_login,High,Credential Stuffing
2,1,3,France,admin_panel,Low,Normal
27,7,40,Germany,web_login,High,Bot Attack
45,3,23,Brazil,admin_panel,High,Bot Attack
35,6,31,Australia,web_login,High,Bot Attack
15,7,23,United States,admin_panel,High,Brute Force
3,1,0,United Kingdom,web_login,Low,Normal
3,0,1,United Kingdom,admin_panel,Low,Normal
15,19,4,Australia,web_login,High,Credential Stuffing
60,3,26,Russia,admin_panel,High,Bot Attack
15,14,7,France,admin_panel,High,Credential Stuffing
2,2,0,Brazil,web_login,Low,Normal
38,10,16,France,web_login,High,Brute Force
24,5,28,Russia,admin_panel,High,Brute Force
2,0,3,India,admin_panel,Low,Normal
31,12,11,France,admin_panel,High,Brute Force
58,7,24,Canada,web_login,High,Bot Attack
7,10,6,Russia,admin_panel,High,Credential Stuffing
3,2,3,Canada,web_login,Low,Normal
53,8,31,Brazil,admin_panel,High,Bot Attack
21,3,30,Brazil,admin_panel,High,Bot Attack
29,8,20,China,web_login,High,Bot Attack
1,1,0,Germany,web_login,Low,Normal
14,7,18,India,admin_panel,High,Brute Force
31,11,15,Brazil,web_login,High,Brute Force
14,6,23,Russia,admin_panel,High,Brute Force
12,17,5,Canada,web_login,High,Credential Stuffing
10,8,4,United Kingdom,admin_panel,High,Credential Stuffing
2,1,0,Canada,web_login,Low,Normal
11,11,10,Australia,web_login,High,Brute Force
9,20,6,France,admin_panel,High,Credential Stuffing
2,0,3,United States,admin_panel,Low,Normal
24,12,11,India,admin_panel,High,Brute Force
16,10,17,Germany,web_login,High,Brute Force
6,17,3,Russia,admin_panel,High,Credential Stuffing
27,7,30,United Kingdom,web_login,High,Brute Force
43,5,15,Australia,admin_panel,High,Bot Attack
10,8,6,Brazil,web_login,High,Credential Stuffing
2,1,1,United States,web_login,Low,Normal
2,2,1,Germany,admin_panel,Low,Normal
32,6,26,Russia,admin_panel,High,Brute Force
3,0,2,India,web_login,Low,Normal
38,8,27,Canada,web_login,High,Brute Force
35,7,26,China,web_login,High,Bot Attack
23,8,30,Canada,web_login,High,Brute Force
10,9,12,United Kingdom,admin_panel,High,Brute Force
10,14,2,France,admin_panel,High,Credential Stuffing
3,2,1,Russia,web_login,Low,Normal
9,15,5,China,admin_panel,High,Credential Stuffing
42,8,19,Russia,web_login,High,Bot Attack
30,12,16,India,web_login,High,Brute Force
1,2,2,Canada,web_login,Low,Normal
3,0,1,Australia,web_login,Low,Normal
12,12,8,France,admin_panel,High,Credential Stuffing
3,2,2,United Kingdom,web_login,Low,Normal
3,2,1,China,admin_panel,Low,Normal
1,2,0,Russia,web_login,Low,Normal
27,6,23,India,web_login,High,Bot Attack
37,7,23,India,web_login,High,Bot Attack
6,13,7,France,admin_panel,High,Credential Stuffing
48,8,32,United Kingdom,admin_panel,High,Bot Attack
32,12,29,Russia,web_login,High,Brute Force
12,13,2,France,web_login,High,Credential Stuffing
23,6,28,Australia,web_login,High,Brute Force
33,7,18,France,admin_panel,High,Bot Attack
48,7,39,Russia,admin_panel,High,Bot Attack
3,1,1,Australia,web_login,Low,Normal
11,20,3,France,web_login,High,Credential Stuffing
59,6,19,Russia,web_login,High,Bot Attack
39,12,25,United Kingdom,admin_panel,High,Brute Force
24,12,21,Russia,admin_panel,High,Brute Force
55,4,24,United States,web_login,High,Bot Attack
28,8,19,United Kingdom,web_login,High,Brute Force
8,16,7,China,admin_panel,High,Credential Stuffing
7,13,3,Russia,web_login,High,Credential Stuffing
15,12,4,China,web_login,High,Credential Stuffing
57,5,31,Russia,web_login,High,Bot Attack
21,4,33,Australia,admin_panel,High,Bot Attack
35,8,11,France,admin_panel,High,Brute Force
1,0,1,United Kingdom,admin_panel,Low,Normal
2,1,2,United Kingdom,admin_panel,Low,Normal
39,10,15,Russia,admin_panel,High,Brute Force
28,7,29,France,web_login,High,Bot Attack
11,13,8,Canada,web_login,High,Credential Stuffing
23,11,28,Germany,web_login,High,Brute Force
51,7,39,Australia,admin_panel,High,Bot Attack
3,2,3,China,web_login,Low,Normal
7,19,2,Canada,web_login,High,Credential Stuffing
2,0,1,Canada,admin_panel,Low,Normal
1,0,0,Canada,admin_panel,Low,Normal
5,13,3,Australia,web_login,High,Credential Stuffing
3,0,0,China,admin_panel,Low,Normal
54,5,18,China,web_login,High,Bot Attack
2,2,2,United States,admin_panel,Low,Normal
20,10,27,United Kingdom,web_login,High,Brute Force
7,10,3,Australia,web_login,High,Credential Stuffing
40,8,21,Brazil,web_login,High,Brute Force
48,4,39,Germany,admin_panel,High,Bot Attack
1,2,1,India,admin_panel,Low,Normal
13,8,8,United Kingdom,admin_panel,High,Credential Stuffing
2,1,3,United States,web_login,Low,Normal
3,1,0,Australia,admin_panel,Low,Normal
35,10,18,Canada,admin_panel,High,Brute Force
55,3,27,Russia,admin_panel,High,Bot Attack
28,6,25,India,admin_panel,High,Brute Force
29,9,21,India,web_login,High,Brute Force
1,1,0,China,admin_panel,Low,Normal
23,4,29,China,admin_panel,High,Bot Attack
15,15,8,United Kingdom,admin_panel,High,Credential Stuffing
33,6,20,Germany,admin_panel,High,Bot Attack
35,8,17,India,admin_panel,High,Bot Attack
5,15,4,Canada,admin_panel,High,Credential Stuffing
23,3,35,India,web_login,High,Bot Attack
16,12,13,Germany,web_login,High,Brute Force
14,19,7,United Kingdom,web_login,High,Credential Stuffing
5,11,4,Australia,web_login,High,Credential Stuffing
14,12,7,China,web_login,High,Credential Stuffing
3,1,0,Germany,web_login,Low,Normal
2,2,0,Russia,web_login,Low,Normal
2,1,2,United Kingdom,admin_panel,Low,Normal
57,5,29,Australia,web_login,High,Bot Attack
25,12,24,United Kingdom,web_login,High,Brute Force
15,10,25,India,web_login,High,Brute Force
53,7,30,United Kingdom,admin_panel,High,Bot Attack
16,7,10,Germany,admin_panel,High,Brute Force
15,9,8,United States,admin_panel,High,Credential Stuffing
3,2,0,United Kingdom,web_login,Low,Normal
7,14,8,Germany,web_login,High,Credential Stuffing
8,9,2,United Kingdom,web_login,High,Credential Stuffing
33,5,38,United States,web_login,High,Bot Attack
23,7,40,Germany,admin_panel,High,Bot Attack
21,9,30,Russia,web_login,High,Brute Force
21,11,29,India,admin_panel,High,Brute Force
3,2,1,Germany,web_login,Low,Normal
1,2,2,China,admin_panel,Low,Normal
31,3,31,Canada,web_login,High,Bot Attack
1,1,2,Australia,web_login,Low,Normal
2,2,3,United States,admin_panel,Low,Normal
3,1,1,Canada,admin_panel,Low,Normal
5,8,3,United States,admin_panel,High,Credential Stuffing
6,15,2,Germany,web_login,High,Credential Stuffing
60,8,24,Canada,web_login,High,Bot Attack
36,7,14,India,admin_panel,High,Brute Force
44,4,24,Brazil,admin_panel,High,Bot Attack
47,7,26,Canada,admin_panel,High,Bot Attack
10,18,8,India,admin_panel,High,Credential Stuffing
37,4,28,China,admin_panel,High,Bot Attack
1,1,1,France,web_login,Low,Normal
26,3,34,Germany,web_login,High,Bot Attack
45,6,35,United Kingdom,web_login,High,Bot Attack
2,1,2,Russia,web_login,Low,Normal
33,11,18,China,admin_panel,High,Brute Force
12,8,5,Australia,web_login,High,Credential Stuffing
28,7,22,Canada,web_login,High,Brute Force
5,16,8,India,web_login,High,Credential Stuffing
11,18,3,Germany,web_login,High,Credential Stuffing
3,1,2,Canada,web_login,Low,Normal
11,12,3,United States,admin_panel,High,Credential Stuffing
1,2,0,Russia,admin_panel,Low,Normal
13,9,2,Canada,admin_panel,High,Credential Stuffing
2,0,1,United States,admin_panel,Low,Normal
37,6,25,United States,web_login,High,Bot Attack
57,8,24,China,admin_panel,High,Bot Attack
10,8,8,Germany,admin_panel,High,Credential Stuffing
14,9,5,India,web_login,High,Credential Stuffing
37,11,11,Russia,web_login,High,Brute Force
16,10,14,United States,web_login,High,Brute Force
3,0,0,Russia,admin_panel,Low,Normal
57,3,21,Germany,web_login,High,Bot Attack
27,9,29,Germany,admin_panel,High,Brute Force
24,9,11,Canada,web_login,High,Brute Force
20,12,22,Germany,admin_panel,High,Brute Force
23,11,19,Brazil,admin_panel,High,Brute Force
53,4,39,Canada,admin_panel,High,Bot Attack
15,11,7,Russia,admin_panel,High,Credential Stuffing
3,0,1,China,web_login,Low,Normal
3,0,0,Brazil,admin_panel,Low,Normal
35,6,36,Canada,admin_panel,High,Bot Attack
40,7,26,France,admin_panel,High,Brute Force
3,0,0,China,web_login,Low,Normal
15,9,21,Canada,web_login,High,Brute Force
9,18,5,India,admin_panel,High,Credential Stuffing
33,5,18,United States,admin_panel,High,Brute Force
3,1,1,China,admin_panel,Low,Normal
20,8,15,United States,admin_panel,High,Brute Force
15,17,2,Russia,admin_panel,High,Credential Stuffing
2,2,2,Russia,web_login,Low,Normal
16,10,22,Canada,web_login,High,Brute Force
6,17,3,Canada,admin_panel,High,Credential Stuffing
5,19,3,Germany,admin_panel,High,Credential Stuffing
28,6,10,India,web_login,High,Brute Force
9,16,2,France,admin_panel,High,Credential Stuffing
16,12,20,Russia,admin_panel,High,Brute Force
1,0,1,Russia,admin_panel,Low,Normal
31,7,28,China,web_login,High,Bot Attack
29,7,37,United Kingdom,admin_panel,High,Bot Attack
1,2,2,United States,admin_panel,Low,Normal
2,1,2,Russia,web_login,Low,Normal
25,7,27,France,web_login,High,Brute Force
31,11,22,Germany,web_login,High,Brute Force
1,1,2,Germany,admin_panel,Low,Normal
37,11,17,Russia,web_login,High,Brute Force
54,3,26,United States,admin_panel,High,Bot Attack
9,15,2,United Kingdom,web_login,High,Credential Stuffing
3,0,2,Germany,web_login,Low,Normal
1,0,3,Brazil,web_login,Low,Normal
34,3,22,China,admin_panel,High,Bot Attack
36,8,31,United States,web_login,High,Bot Attack
3,1,3,United Kingdom,admin_panel,Low,Normal
29,4,15,Brazil,admin_panel,High,Bot Attack
1,0,0,Brazil,admin_panel,Low,Normal
3,2,3,India,admin_panel,Low,Normal
31,4,24,China,web_login,High,Bot Attack
13,8,8,China,admin_panel,High,Credential Stuffing
15,5,29,United Kingdom,web_login,High,Brute Force
30,5,18,France,web_login,High,Brute Force
32,9,20,India,web_login,High,Brute Force
28,6,10,France,admin_panel,High,Brute Force
1,0,2,United States,admin_panel,Low,Normal
24,5,18,United States,admin_panel,High,Brute Force
5,9,4,Canada,admin_panel,High,Credential Stuffing
34,9,11,France,web_login,High,Brute Force
23,7,18,France,admin_panel,High,Bot Attack
3,1,2,Russia,web_login,Low,Normal
33,7,21,United Kingdom,web_login,High,Brute Force
1,0,1,Russia,web_login,Low,Normal
43,5,24,India,admin_panel,High,Bot Attack
19,5,17,United States,web_login,High,Brute Force
12,13,7,Brazil,admin_panel,High,Credential Stuffing
41,6,22,China,admin_panel,High,Bot Attack
44,8,21,Germany,web_login,High,Bot Attack
6,16,3,Australia,admin_panel,High,Credential Stuffing
34,10,13,United Kingdom,admin_panel,High,Brute Force
1,0,3,Germany,admin_panel,Low,Normal
29,6,31,United States,admin_panel,High,Bot Attack
21,8,18,Canada,admin_panel,High,Bot Attack
35,5,14,United States,web_login,High,Brute Force
1,0,1,United States,web_login,Low,Normal
24,9,13,China,admin_panel,High,Brute Force
10,12,8,Australia,admin_panel,High,Credential Stuffing
3,2,0,Brazil,web_login,Low,Normal
2,1,2,China,admin_panel,Low,Normal
3,0,1,Canada,web_login,Low,Normal
59,8,26,United Kingdom,admin_panel,High,Bot Attack
11,15,8,India,admin_panel,High,Credential Stuffing
13,10,5,China,web_login,High,Credential Stuffing
13,12,22,India,web_login,High,Brute Force
18,5,24,United States,admin_panel,High,Brute Force
14,5,22,United Kingdom,admin_panel,High,Brute Force
2,2,0,United States,web_login,Low,Normal
11,8,3,China,web_login,High,Credential Stuffing
3,2,2,Canada,admin_panel,Low,Normal
3,1,0,China,admin_panel,Low,Normal
42,5,36,Canada,admin_panel,High,Bot Attack
5,13,5,India,admin_panel,High,Credential Stuffing
39,4,18,United Kingdom,web_login,High,Bot Attack
1,1,1,United Kingdom,web_login,Low,Normal
58,4,27,United States,web_login,High,Bot Attack
40,5,32,Germany,web_login,High,Bot Attack
1,2,0,China,admin_panel,Low,Normal
36,8,14,Brazil,web_login,High,Brute Force
1,2,3,Germany,admin_panel,Low,Normal
2,0,2,India,admin_panel,Low,Normal
15,10,6,United Kingdom,web_login,High,Credential Stuffing
1,0,2,Australia,web_login,Low,Normal
2,1,2,Canada,admin_panel,Low,Normal
23,12,20,United States,web_login,High,Brute Force
2,2,0,United States,web_login,Low,Normal
51,4,37,United Kingdom,web_login,High,Bot Attack
31,8,28,Russia,admin_panel,High,Bot Attack
3,2,3,United States,web_login,Low,Normal
3,0,1,China,web_login,Low,Normal
13,12,6,Germany,web_login,High,Credential Stuffing
8,19,6,Canada,admin_panel,High,Credential Stuffing
1,0,0,France,web_login,Low,Normal
8,11,8,Brazil,web_login,High,Credential Stuffing
44,4,31,India,web_login,High,Bot Attack
51,4,22,United States,admin_panel,High,Bot Attack
22,6,14,Australia,admin_panel,High,Brute Force
26,5,24,Russia,web_login,High,Brute Force
2,1,3,Germany,web_login,Low,Normal
43,7,29,Canada,admin_panel,High,Bot Attack
5,17,8,Brazil,web_login,High,Credential Stuffing
7,19,5,France,web_login,High,Credential Stuffing
2,0,3,China,admin_panel,Low,Normal
2,0,1,China,admin_panel,Low,Normal
1,0,3,Australia,admin_panel,Low,Normal
26,7,40,Brazil,web_login,High,Bot Attack
11,14,4,Germany,admin_panel,High,Credential Stuffing
7,10,5,United States,web_login,High,Credential Stuffing
9,9,3,France,admin_panel,High,Credential Stuffing
8,13,8,Brazil,web_login,High,Credential Stuffing
30,5,23,Canada,admin_panel,High,Brute Force
2,1,0,Canada,web_login,Low,Normal
23,5,32,Germany,web_login,High,Bot Attack
14,13,2,Russia,admin_panel,High,Credential Stuffing
12,8,30,Brazil,admin_panel,High,Brute Force
3,2,0,Russia,admin_panel,Low,Normal
28,8,31,United States,admin_panel,High,Bot Attack
27,3,25,Australia,admin_panel,High,Bot Attack
45,4,28,United States,web_login,High,Bot Attack
51,8,17,Germany,admin_panel,High,Bot Attack
15,18,2,China,admin_panel,High,Credential Stuffing
22,5,23,Germany,admin_panel,High,Bot Attack
36,9,24,India,admin_panel,High,Brute Force
42,6,20,India,web_login,High,Bot Attack
1,2,1,United Kingdom,web_login,Low,Normal
3,1,0,India,web_login,Low,Normal
55,7,16,United Kingdom,web_login,High,Bot Attack
52,5,33,Canada,admin_panel,High,Bot Attack
2,0,1,Russia,admin_panel,Low,Normal
5,15,6,Russia,web_login,High,Credential Stuffing
9,12,6,France,admin_panel,High,Credential Stuffing
45,8,32,United States,web_login,High,Bot Attack
11,13,3,France,admin_panel,High,Credential Stuffing
11,9,3,Canada,web_login,High,Credential Stuffing
1,2,3,France,admin_panel,Low,Normal
39,3,32,Brazil,web_login,High,Bot Attack
31,7,16,Russia,admin_panel,High,Brute Force
7,17,8,Russia,web_login,High,Credential Stuffing
34,9,28,Brazil,admin_panel,High,Brute Force
36,12,28,France,admin_panel,High,Brute Force
5,18,6,Canada,web_login,High,Credential Stuffing
57,7,16,Germany,admin_panel,High,Bot Attack
18,11,18,Australia,web_login,High,Brute Force
56,3,17,Brazil,admin_panel,High,Bot Attack
24,12,23,Germany,admin_panel,High,Brute Force
10,11,5,Canada,admin_panel,High,Credential Stuffing
14,16,5,Germany,web_login,High,Credential Stuffing
12,9,3,France,web_login,High,Credential Stuffing
12,8,5,Germany,admin_panel,High,Credential Stuffing
18,11,16,Brazil,web_login,High,Brute Force
1,0,1,Germany,web_login,Low,Normal
2,2,2,Germany,web_login,Low,Normal
48,5,22,United Kingdom,web_login,High,Bot Attack
35,12,19,Canada,admin_panel,High,Brute Force
47,7,38,United Kingdom,web_login,High,Bot Attack
3,1,3,Brazil,admin_panel,Low,Normal
2,1,3,China,admin_panel,Low,Normal
14,10,14,Australia,admin_panel,High,Brute Force
2,0,3,Russia,web_login,Low,Normal
34,9,11,United States,admin_panel,High,Brute Force
12,19,3,India,web_login,High,Credential Stuffing
10,16,4,China,web_login,High,Credential Stuffing
31,10,27,Canada,web_login,High,Brute Force
6,8,8,India,web_login,High,Credential Stuffing
2,0,2,Australia,web_login,Low,Normal
9,19,4,United Kingdom,admin_panel,High,Credential Stuffing
27,8,17,Australia,admin_panel,High,Brute Force
43,3,15,France,web_login,High,Bot Attack
47,5,36,China,web_login,High,Bot Attack
35,10,28,Germany,admin_panel,High,Brute Force
12,19,3,India,web_login,High,Credential Stuffing
31,5,33,France,web_login,High,Bot Attack
40,10,16,Australia,web_login,High,Brute Force
22,4,24,United Kingdom,web_login,High,Bot Attack
47,4,30,United Kingdom,web_login,High,Bot Attack
48,6,28,France,admin_panel,High,Bot Attack
2,1,0,United Kingdom,web_login,Low,Normal
2,1,2,China,web_login,Low,Normal
9,15,3,Russia,web_login,High,Credential Stuffing
32,7,37,China,web_login,High,Bot Attack
16,8,19,Russia,admin_panel,High,Brute Force
23,9,20,Canada,web_login,High,Brute Force
26,5,19,Russia,web_login,High,Bot Attack
11,14,4,China,admin_panel,High,Credential Stuffing
3,0,3,India,web_login,Low,Normal
1,0,1,Brazil,web_login,Low,Normal
16,11,10,Australia,web_login,High,Brute Force
59,5,27,United Kingdom,admin_panel,High,Bot Attack
1,1,0,Brazil,admin_panel,Low,Normal
34,5,25,France,web_login,High,Brute Force
28,9,24,France,web_login,High,Brute Force
10,19,6,India,web_login,High,Credential Stuffing
1,2,1,Brazil,web_login,Low,Normal
29,12,20,Germany,admin_panel,High,Brute Force
2,0,1,Canada,admin_panel,Low,Normal
1,0,1,Brazil,web_login,Low,Normal
10,15,8,Canada,web_login,High,Credential Stuffing
38,9,30,Germany,web_login,High,Brute Force
56,7,38,Brazil,web_login,High,Bot Attack
25,9,19,China,web_login,High,Brute Force
2,0,2,Canada,web_login,Low,Normal
34,6,27,Germany,admin_panel,High,Brute Force
11,11,5,Germany,web_login,High,Credential Stuffing
40,6,15,France,admin_panel,High,Brute Force
1,2,1,United States,admin_panel,Low,Normal
27,9,27,France,web_login,High,Brute Force
18,11,30,India,admin_panel,High,Brute Force
50,8,34,India,web_login,High,Bot Attack
3,1,0,United States,web_login,Low,Normal
21,8,30,Canada,admin_panel,High,Bot Attack
39,8,30,Brazil,admin_panel,High,Bot Attack
20,9,24,Australia,web_login,High,Brute Force
36,5,30,India,web_login,High,Bot Attack
12,6,30,United States,web_login,High,Brute Force
21,9,20,Canada,admin_panel,High,Brute Force
14,8,27,India,admin_panel,High,Brute Force
8,18,3,China,admin_panel,High,Credential Stuffing
11,11,5,United Kingdom,admin_panel,High,Credential Stuffing
10,14,7,Canada,web_login,High,Credential Stuffing
24,5,23,France,web_login,High,Brute Force
36,8,22,Brazil,admin_panel,High,Brute Force
45,3,16,China,web_login,High,Bot Attack
30,5,14,United States,admin_panel,High,Brute Force
1,0,3,Brazil,web_login,Low,Normal
5,19,6,India,web_login,High,Credential Stuffing
2,1,0,Australia,web_login,Low,Normal
27,7,19,Germany,admin_panel,High,Brute Force
39,5,39,Russia,web_login,High,Bot Attack
56,3,15,Germany,admin_panel,High,Bot Attack
3,2,0,United Kingdom,admin_panel,Low,Normal
56,8,40,India,admin_panel,High,Bot Attack
20,8,39,Russia,web_login,High,Bot Attack
58,8,27,China,admin_panel,High,Bot Attack
19,7,15,Russia,admin_panel,High,Brute Force
15,16,6,Australia,web_login,High,Credential Stuffing
25,8,29,United Kingdom,admin_panel,High,Bot Attack
49,5,15,Australia,admin_panel,High,Bot Attack
2,1,3,Australia,web_login,Low,Normal
59,5,21,Russia,web_login,High,Bot Attack
27,5,40,Russia,admin_panel,High,Bot Attack
2,2,0,Australia,admin_panel,Low,Normal
14,14,7,United Kingdom,admin_panel,High,Credential Stuffing
26,8,30,China,admin_panel,High,Bot Attack
3,2,2,China,admin_panel,Low,Normal
21,10,19,Canada,web_login,High,Brute Force
1,2,0,Australia,admin_panel,Low,Normal
14,18,7,United States,web_login,High,Credential Stuffing
34,9,19,India,web_login,High,Brute Force
9,12,4,Brazil,admin_panel,High,Credential Stuffing
52,8,25,United Kingdom,web_login,High,Bot Attack
10,15,5,India,web_login,High,Credential Stuffing
15,19,2,United Kingdom,admin_panel,High,Credential Stuffing
3,1,2,Brazil,admin_panel,Low,Normal
11,13,5,Canada,admin_panel,High,Credential Stuffing
2,0,3,Brazil,web_login,Low,Normal
3,2,1,United Kingdom,admin_panel,Low,Normal
7,19,2,Russia,admin_panel,High,Credential Stuffing
1,2,1,Germany,admin_panel,Low,Normal
46,8,37,United Kingdom,web_login,High,Bot Attack
49,4,20,Australia,admin_panel,High,Bot Attack
23,7,12,India,admin_panel,High,Brute Force
1,2,2,China,web_login,Low,Normal
3,0,2,United States,admin_panel,Low,Normal
6,14,6,Brazil,web_login,High,Credential Stuffing
25,5,16,United Kingdom,admin_panel,High,Brute Force
36,12,16,Australia,web_login,High,Brute Force
55,7,34,United Kingdom,admin_panel,High,Bot Attack
40,11,12,United Kingdom,web_login,High,Brute Force
10,16,2,China,web_login,High,Credential Stuffing
50,8,28,China,admin_panel,High,Bot Attack
3,1,3,India,web_login,Low,Normal
19,8,18,United Kingdom,web_login,High,Brute Force
41,4,18,India,web_login,High,Bot Attack
33,7,21,China,web_login,High,Bot Attack
23,6,12,Brazil,web_login,High,Brute Force
15,15,8,Australia,admin_panel,High,Credential Stuffing
2,2,1,United States,admin_panel,Low,Normal
11,8,3,Russia,web_login,High,Credential Stuffing
53,4,20,Canada,admin_panel,High,Bot Attack
20,11,10,France,admin_panel,High,Brute Force
32,10,19,Australia,admin_panel,High,Brute Force
48,3,26,Canada,admin_panel,High,Bot Attack
34,4,23,Germany,web_login,High,Bot Attack
14,6,30,United States,admin_panel,High,Brute Force
35,11,20,Brazil,web_login,High,Brute Force
3,1,3,United States,admin_panel,Low,Normal
46,6,23,United States,admin_panel,High,Bot Attack
13,9,4,France,admin_panel,High,Credential Stuffing
46,6,29,France,web_login,High,Bot Attack
12,11,6,Australia,admin_panel,High,Credential Stuffing
12,5,18,China,web_login,High,Brute Force
15,17,4,China,web_login,High,Credential Stuffing
11,14,6,Australia,web_login,High,Credential Stuffing
7,12,8,India,web_login,High,Credential Stuffing
41,5,36,France,admin_panel,High,Bot Attack
5,10,2,Russia,web_login,High,Credential Stuffing
24,3,15,Germany,web_login,High,Bot Attack
7,17,7,Brazil,admin_panel,High,Credential Stuffing
22,4,40,Canada,web_login,High,Bot Attack
31,4,37,Canada,admin_panel,High,Bot Attack
3,0,2,United States,admin_panel,Low,Normal
1,0,2,Australia,admin_panel,Low,Normal
40,3,26,Australia,admin_panel,High,Bot Attack
11,11,5,China,admin_panel,High,Credential Stuffing
1,2,1,United States,web_login,Low,Normal
3,0,1,India,admin_panel,Low,Normal
14,9,26,France,admin_panel,High,Brute Force
37,12,22,India,admin_panel,High,Brute Force
47,8,31,Russia,admin_panel,High,Bot Attack
17,7,17,United Kingdom,web_login,High,Brute Force
3,0,1,Germany,web_login,Low,Normal
38,3,22,China,web_login,High,Bot Attack
20,5,16,Australia,web_login,High,Brute Force
18,9,27,United States,web_login,High,Brute Force
53,7,37,Canada,admin_panel,High,Bot Attack
3,0,2,France,admin_panel,Low,Normal
5,16,8,United States,web_login,High,Credential Stuffing
5,19,4,France,admin_panel,High,Credential Stuffing
32,7,11,France,web_login,High,Brute Force
2,1,0,Germany,admin_panel,Low,Normal
5,8,6,China,web_login,High,Credential Stuffing
1,0,3,India,web_login,Low,Normal
1,1,0,Australia,web_login,Low,Normal
39,7,33,United Kingdom,admin_panel,High,Bot Attack
3,0,3,Australia,admin_panel,Low,Normal
21,6,30,United States,admin_panel,High,Brute Force
58,4,34,Australia,web_login,High,Bot Attack
43,4,28,Brazil,web_login,High,Bot Attack
1,1,0,United States,admin_panel,Low,Normal
12,8,3,India,web_login,High,Credential Stuffing
2,1,3,India,web_login,Low,Normal
8,11,8,Australia,web_login,High,Credential Stuffing
25,5,29,Australia,web_login,High,Brute Force
3,1,3,Germany,web_login,Low,Normal
13,15,7,France,admin_panel,High,Credential Stuffing
11,15,3,India,web_login,High,Credential Stuffing
8,8,5,India,admin_panel,High,Credential Stuffing
33,6,27,Russia,web_login,High,Brute Force
51,3,24,United Kingdom,admin_panel,High,Bot Attack
11,8,14,Germany,admin_panel,High,Brute Force
8,16,7,India,admin_panel,High,Credential Stuffing
47,7,25,China,admin_panel,High,Bot Attack
12,15,4,Canada,web_login,High,Credential Stuffing
22,6,10,Canada,admin_panel,High,Brute Force
14,8,24,Brazil,admin_panel,High,Brute Force
1,0,0,India,web_login,Low,Normal
2,0,3,China,admin_panel,Low,Normal
16,11,29,China,admin_panel,High,Brute Force
10,11,15,Brazil,admin_panel,High,Brute Force
1,0,0,United States,admin_panel,Low,Normal
7,15,8,China,admin_panel,High,Credential Stuffing
26,3,36,United States,web_login,High,Bot Attack
12,12,12,India,admin_panel,High,Brute Force
35,7,25,China,web_login,High,Bot Attack
5,10,2,United States,admin_panel,High,Credential Stuffing
6,9,7,Germany,web_login,High,Credential Stuffing
25,4,20,Australia,admin_panel,High,Bot Attack
8,16,6,Canada,web_login,High,Credential Stuffing
7,9,6,China,admin_panel,High,Credential Stuffing
1,2,0,United Kingdom,web_login,Low,Normal
32,9,12,India,admin_panel,High,Brute Force
12,19,8,United States,admin_panel,High,Credential Stuffing
18,7,18,France,web_login,High,Brute Force
25,8,40,Germany,admin_panel,High,Bot Attack
20,11,29,China,admin_panel,High,Brute Force
2,2,1,United Kingdom,web_login,Low,Normal
33,10,29,Australia,admin_panel,High,Brute Force
3,1,1,China,web_login,Low,Normal
3,0,2,United States,admin_panel,Low,Normal
28,11,26,Germany,admin_panel,High,Brute Force
22,8,27,Russia,admin_panel,High,Brute Force
33,8,24,Canada,admin_panel,High,Bot Attack
42,3,25,Australia,admin_panel,High,Bot Attack
38,4,17,United States,admin_panel,High,Bot Attack
56,3,31,Russia,web_login,High,Bot Attack
15,18,8,Germany,admin_panel,High,Credential Stuffing
1,1,1,Germany,web_login,Low,Normal
52,6,40,Canada,admin_panel,High,Bot Attack
14,12,5,United States,web_login,High,Credential Stuffing
33,6,22,Germany,web_login,High,Bot Attack
33,8,13,Germany,web_login,High,Brute Force
15,17,8,Germany,web_login,High,Credential Stuffing
1,1,2,United Kingdom,web_login,Low,Normal
14,20,4,Australia,web_login,High,Credential Stuffing
40,5,13,United Kingdom,admin_panel,High,Brute Force
3,0,1,Canada,admin_panel,Low,Normal
11,11,3,Germany,admin_panel,High,Credential Stuffing
21,3,38,Russia,web_login,High,Bot Attack
1,2,0,France,web_login,Low,Normal
8,11,6,Germany,admin_panel,High,Credential Stuffing
37,9,26,Russia,web_login,High,Brute Force
29,6,28,Russia,web_login,High,Brute Force
2,1,2,France,web_login,Low,Normal
36,6,13,Germany,web_login,High,Brute Force
49,7,16,France,admin_panel,High,Bot Attack
36,5,31,Brazil,admin_panel,High,Bot Attack
16,5,30,United States,admin_panel,High,Brute Force
29,4,34,Canada,web_login,High,Bot Attack
1,0,2,Canada,web_login,Low,Normal
24,4,28,United States,web_login,High,Bot Attack
14,6,18,Germany,web_login,High,Brute Force
28,8,16,United Kingdom,web_login,High,Brute Force
5,20,3,United Kingdom,admin_panel,High,Credential Stuffing
20,8,23,Canada,admin_panel,High,Bot Attack
37,5,34,Russia,web_login,High,Bot Attack
6,16,7,Australia,web_login,High,Credential Stuffing
30,7,29,Russia,admin_panel,High,Bot Attack
27,7,30,India,web_login,High,Brute Force
3,2,3,Canada,web_login,Low,Normal
19,8,26,Russia,web_login,High,Brute Force
15,12,4,China,admin_panel,High,Credential Stuffing
17,10,24,Australia,admin_panel,High,Brute Force
5,8,5,Australia,web_login,High,Credential Stuffing
12,11,28,Brazil,web_login,High,Brute Force
21,6,18,United States,web_login,High,Brute Force
3,1,2,Germany,admin_panel,Low,Normal
56,4,26,China,web_login,High,Bot Attack
1,1,0,India,admin_panel,Low,Normal
2,0,0,Russia,admin_panel,Low,Normal
56,3,28,India,admin_panel,High,Bot Attack
3,1,2,Canada,admin_panel,Low,Normal
14,15,4,United States,web_login,High,Credential Stuffing
53,3,18,United Kingdom,web_login,High,Bot Attack
22,8,40,Brazil,admin_panel,High,Bot Attack
1,0,3,United States,admin_panel,Low,Normal
54,3,28,Germany,web_login,High,Bot Attack
54,3,23,China,admin_panel,High,Bot Attack
58,6,23,Germany,admin_panel,High,Bot Attack
20,8,26,Brazil,web_login,High,Brute Force
27,6,22,France,web_login,High,Brute Force
12,11,8,Germany,admin_panel,High,Credential Stuffing
32,7,22,United Kingdom,admin_panel,High,Brute Force
35,4,38,United Kingdom,admin_panel,High,Bot Attack
1,2,1,Germany,admin_panel,Low,Normal
10,8,4,Brazil,admin_panel,High,Credential Stuffing
12,19,3,France,admin_panel,High,Credential Stuffing
5,18,2,Germany,admin_panel,High,Credential Stuffing
55,3,17,France,web_login,High,Bot Attack
12,15,6,China,web_login,High,Credential Stuffing
2,1,0,United States,admin_panel,Low,Normal
54,5,16,India,web_login,High,Bot Attack
60,8,21,India,web_login,High,Bot Attack
3,1,2,United Kingdom,admin_panel,Low,Normal
9,11,4,India,admin_panel,High,Credential Stuffing
1,2,3,Russia,web_login,Low,Normal
2,0,3,Brazil,admin_panel,Low,Normal
14,17,2,Canada,web_login,High,Credential Stuffing
14,12,24,India,web_login,High,Brute Force
10,19,6,Germany,admin_panel,High,Credential Stuffing
10,8,4,India,web_login,High,Credential Stuffing
6,9,2,United Kingdom,admin_panel,High,Credential Stuffing
2,2,0,Canada,admin_panel,Low,Normal
1,1,2,Germany,web_login,Low,Normal
23,8,28,Russia,web_login,High,Bot Attack
56,7,33,Canada,web_login,High,Bot Attack
1,0,3,United Kingdom,web_login,Low,Normal
31,7,12,France,web_login,High,Brute Force
18,10,11,France,web_login,High,Brute Force
11,17,8,China,web_login,High,Credential Stuffing
9,15,8,India,web_login,High,Credential Stuffing
14,13,5,China,web_login,High,Credential Stuffing
3,2,1,India,admin_panel,Low,Normal
1,2,2,India,web_login,Low,Normal
52,6,22,United Kingdom,admin_panel,High,Bot Attack
50,7,27,Russia,web_login,High,Bot Attack
6,16,4,Russia,admin_panel,High,Credential Stuffing
1,1,0,Canada,web_login,Low,Normal
14,6,18,China,admin_panel,High,Brute Force
1,1,3,China,web_login,Low,Normal
1,0,2,United Kingdom,admin_panel,Low,Normal
3,1,2,Brazil,web_login,Low,Normal
1,2,1,China,admin_panel,Low,Normal
1,1,0,Germany,admin_panel,Low,Normal
18,9,28,United Kingdom,web_login,High,Brute Force
39,6,10,China,admin_panel,High,Brute Force
21,8,16,Germany,web_login,High,Bot Attack
36,6,25,Germany,web_login,High,Bot Attack
24,5,10,Canada,admin_panel,High,Brute Force
1,1,2,France,web_login,Low,Normal
24,5,20,United States,admin_panel,High,Bot Attack
21,3,21,Australia,web_login,High,Bot Attack
8,18,6,Australia,web_login,High,Credential Stuffing
19,6,30,India,web_login,High,Brute Force
16,8,12,United States,web_login,High,Brute Force
58,6,32,France,admin_panel,High,Bot Attack
38,12,19,Canada,web_login,High,Brute Force
2,2,2,Russia,admin_panel,Low,Normal
25,8,28,United Kingdom,web_login,High,Bot Attack
11,9,3,Canada,admin_panel,High,Credential Stuffing
2,2,1,Russia,admin_panel,Low,Normal
1,0,0,Russia,web_login,Low,Normal
12,5,20,Brazil,admin_panel,High,Brute Force
2,2,3,Canada,admin_panel,Low,Normal
33,6,18,India,web_login,High,Brute Force
45,5,17,Brazil,admin_panel,High,Bot Attack
15,8,7,Russia,admin_panel,High,Credential Stuffing
25,6,18,Australia,admin_panel,High,Bot Attack
9,9,8,Russia,web_login,High,Credential Stuffing
40,8,31,Brazil,web_login,High,Bot Attack
21,3,34,China,admin_panel,High,Bot Attack
26,8,18,Canada,web_login,High,Brute Force
8,13,8,United States,admin_panel,High,Credential Stuffing
2,1,1,Australia,admin_panel,Low,Normal
17,6,25,China,admin_panel,High,Brute Force
5,17,4,Australia,admin_panel,High,Credential Stuffing
7,12,2,Canada,web_login,High,Credential Stuffing
13,12,4,United Kingdom,admin_panel,High,Credential Stuffing
36,8,34,Canada,admin_panel,High,Bot Attack
7,20,4,China,admin_panel,High,Credential Stuffing
55,3,36,India,web_login,High,Bot Attack
59,3,24,Canada,web_login,High,Bot Attack
56,6,32,Brazil,admin_panel,High,Bot Attack
13,8,19,United Kingdom,admin_panel,High,Brute Force
1,0,2,Brazil,admin_panel,Low,Normal
54,7,37,Russia,web_login,High,Bot Attack
10,20,6,Brazil,admin_panel,High,Credential Stuffing
5,11,4,France,admin_panel,High,Credential Stuffing
2,0,3,Australia,web_login,Low,Normal
3,2,0,India,web_login,Low,Normal
3,0,0,China,admin_panel,Low,Normal
2,2,0,France,web_login,Low,Normal
22,9,27,Germany,admin_panel,High,Brute Force
3,1,3,Canada,admin_panel,Low,Normal
9,12,4,United States,admin_panel,High,Credential Stuffing
7,12,5,India,web_login,High,Credential Stuffing
17,11,21,India,web_login,High,Brute Force
38,7,26,Germany,web_login,High,Bot Attack
15,13,2,Russia,web_login,High,Credential Stuffing
14,17,5,China,admin_panel,High,Credential Stuffing
29,8,35,Germany,web_login,High,Bot Attack
12,5,20,France,admin_panel,High,Brute Force
35,5,12,Russia,web_login,High,Brute Force
24,10,27,Australia,admin_panel,High,Brute Force
20,5,14,France,admin_panel,High,Brute Force
11,11,8,China,web_login,High,Credential Stuffing
14,14,2,France,admin_panel,High,Credential Stuffing
11,19,7,Germany,web_login,High,Credential Stuffing
50,5,27,France,admin_panel,High,Bot Attack
1,0,1,Russia,admin_panel,Low,Normal
3,1,2,Australia,admin_panel,Low,Normal
35,6,40,Germany,admin_panel,High,Bot Attack
15,17,8,France,web_login,High,Credential Stuffing
2,0,0,Brazil,web_login,Low,Normal
23,6,31,Russia,web_login,High,Bot Attack
38,12,23,India,web_login,High,Brute Force
1,1,2,India,admin_panel,Low,Normal
16,5,24,United Kingdom,admin_panel,High,Brute Force
37,7,22,Russia,web_login,High,Brute Force
11,14,2,Canada,web_login,High,Credential Stuffing
3,0,2,India,web_login,Low,Normal
8,19,2,Russia,web_login,High,Credential Stuffing
11,12,17,Canada,web_login,High,Brute Force
37,5,40,China,web_login,High,Bot Attack
8,20,6,France,admin_panel,High,Credential Stuffing
47,5,25,India,admin_panel,High,Bot Attack
10,15,7,United States,web_login,High,Credential Stuffing
34,11,14,Canada,web_login,High,Brute Force
58,7,20,China,admin_panel,High,Bot Attack
15,9,3,Brazil,web_login,High,Credential Stuffing
1,1,3,United Kingdom,web_login,Low,Normal
8,10,5,Canada,web_login,High,Credential Stuffing
13,7,27,India,web_login,High,Brute Force
1,1,3,Australia,admin_panel,Low,Normal
2,0,2,Russia,web_login,Low,Normal
25,6,10,United States,admin_panel,High,Brute Force
41,8,23,United Kingdom,web_login,High,Bot Attack
18,8,10,United Kingdom,web_login,High,Brute Force
11,8,14,United States,admin_panel,High,Brute Force
10,9,5,India,admin_panel,High,Credential Stuffing
31,11,11,United Kingdom,admin_panel,High,Brute Force
3,0,1,Germany,web_login,Low,Normal
3,1,3,China,web_login,Low,Normal
15,13,3,Russia,admin_panel,High,Credential Stuffing
2,0,0,United Kingdom,web_login,Low,Normal
1,0,2,Canada,web_login,Low,Normal
22,11,20,United Kingdom,web_login,High,Brute Force
13,17,4,Australia,admin_panel,High,Credential Stuffing
11,5,12,Russia,web_login,High,Brute Force
49,7,16,Brazil,admin_panel,High,Bot Attack
2,0,3,China,admin_panel,Low,Normal
7,20,6,Canada,admin_panel,High,Credential Stuffing
1,2,0,France,web_login,Low,Normal
37,6,19,Canada,admin_panel,High,Bot Attack
21,6,25,United Kingdom,web_login,High,Bot Attack
7,9,2,India,web_login,High,Credential Stuffing
36,6,36,Germany,admin_panel,High,Bot Attack
1,0,2,United States,admin_panel,Low,Normal
20,7,14,Australia,admin_panel,High,Brute Force
25,5,37,China,web_login,High,Bot Attack
12,8,30,India,web_login,High,Brute Force
50,7,27,Canada,web_login,High,Bot Attack
3,2,1,United Kingdom,admin_panel,Low,Normal
3,0,0,Canada,admin_panel,Low,Normal
20,10,11,United States,web_login,High,Brute Force
50,3,35,India,web_login,High,Bot Attack
34,7,27,Brazil,admin_panel,High,Bot Attack
10,11,20,Germany,admin_panel,High,Brute Force
3,2,3,Brazil,web_login,Low,Normal
57,5,38,Germany,admin_panel,High,Bot Attack
21,8,23,Canada,admin_panel,High,Bot Attack
2,2,3,United States,web_login,Low,Normal
13,9,7,France,admin_panel,High,Credential Stuffing
29,3,26,United States,web_login,High,Bot Attack
1,0,3,United States,admin_panel,Low,Normal
34,5,28,Russia,admin_panel,High,Brute Force
34,9,13,Australia,web_login,High,Brute Force
39,6,19,United Kingdom,admin_panel,High,Brute Force
19,11,30,Russia,web_login,High,Brute Force
8,11,8,Canada,admin_panel,High,Credential Stuffing
14,15,6,France,admin_panel,High,Credential Stuffing
14,10,5,United Kingdom,admin_panel,High,Credential Stuffing
59,6,19,United States,admin_panel,High,Bot Attack
24,3,20,Canada,web_login,High,Bot Attack
34,6,23,Australia,admin_panel,High,Bot Attack
32,5,39,Australia,web_login,High,Bot Attack
60,4,33,France,web_login,High,Bot Attack
18,7,25,Russia,admin_panel,High,Brute Force
6,11,8,Canada,admin_panel,High,Credential Stuffing
2,1,3,China,web_login,Low,Normal
3,2,2,Canada,web_login,Low,Normal
13,18,7,Germany,admin_panel,High,Credential Stuffing
33,7,33,France,web_login,High,Bot Attack
6,12,8,India,web_login,High,Credential Stuffing
9,16,4,Canada,web_login,High,Credential Stuffing
3,1,1,Russia,admin_panel,Low,Normal
1,2,3,Brazil,web_login,Low,Normal
34,4,37,Brazil,web_login,High,Bot Attack
15,16,8,Germany,admin_panel,High,Credential Stuffing
2,1,0,United States,admin_panel,Low,Normal
47,6,29,Brazil,admin_panel,High,Bot Attack
7,11,4,Australia,admin_panel,High,Credential Stuffing
3,0,1,India,web_login,Low,Normal
6,9,2,China,web_login,High,Credential Stuffing
11,7,18,Brazil,web_login,High,Brute Force
1,0,1,China,admin_panel,Low,Normal
2,0,3,United Kingdom,admin_panel,Low,Normal
1,2,0,Brazil,admin_panel,Low,Normal
53,8,34,United States,web_login,High,Bot Attack
40,8,18,Canada,admin_panel,High,Bot Attack
53,5,24,Brazil,admin_panel,High,Bot Attack
5,12,3,Germany,admin_panel,High,Credential Stuffing
25,8,33,United States,admin_panel,High,Bot Attack
21,4,15,United States,web_login,High,Bot Attack
33,5,28,United Kingdom,web_login,High,Bot Attack
1,1,3,France,admin_panel,Low,Normal
2,0,1,Brazil,web_login,Low,Normal
15,8,2,India,web_login,High,Credential Stuffing
54,5,34,China,admin_panel,High,Bot Attack
27,3,31,India,web_login,High,Bot Attack
3,2,0,Russia,web_login,Low,Normal
17,6,23,Russia,web_login,High,Brute Force
14,19,5,India,admin_panel,High,Credential Stuffing
2,0,3,United Kingdom,web_login,Low,Normal
36,7,21,Russia,admin_panel,High,Bot Attack
56,8,27,Russia,web_login,High,Bot Attack
26,4,31,United States,admin_panel,High,Bot Attack
1,1,2,Germany,web_login,Low,Normal
6,14,4,India,admin_panel,High,Credential Stuffing
12,9,5,Brazil,admin_panel,High,Credential Stuffing
27,4,18,United States,admin_panel,High,Bot Attack
12,18,5,China,admin_panel,High,Credential Stuffing
12,13,8,China,admin_panel,High,Credential Stuffing
39,6,11,United Kingdom,admin_panel,High,Brute Force
12,11,3,Germany,web_login,High,Credential Stuffing
1,2,0,Canada,web_login,Low,Normal
2,1,0,Canada,web_login,Low,Normal
35,4,31,Russia,web_login,High,Bot Attack
17,6,11,France,web_login,High,Brute Force
3,2,3,Russia,admin_panel,Low,Normal
28,5,16,United States,admin_panel,High,Bot Attack
37,8,14,United Kingdom,web_login,High,Brute Force
1,2,0,United States,web_login,Low,Normal
1,0,1,India,admin_panel,Low,Normal
1,1,2,Brazil,admin_panel,Low,Normal
28,5,21,India,admin_panel,High,Brute Force
30,9,12,Brazil,admin_panel,High,Brute Force
45,8,29,France,admin_panel,High,Bot Attack
3,0,1,United Kingdom,web_login,Low,Normal
49,6,23,Germany,admin_panel,High,Bot Attack
47,5,36,Brazil,web_login,High,Bot Attack
27,7,18,Germany,web_login,High,Brute Force
10,8,22,China,admin_panel,High,Brute Force
3,1,3,Germany,web_login,Low,Normal
24,5,31,France,admin_panel,High,Bot Attack
31,4,23,Brazil,web_login,High,Bot Attack
3,2,2,Brazil,web_login,Low,Normal
17,6,13,Australia,web_login,High,Brute Force
33,4,38,Australia,web_login,High,Bot Attack
40,10,10,Australia,web_login,High,Brute Force
35,4,29,Brazil,web_login,High,Bot Attack
21,8,12,United Kingdom,web_login,High,Brute Force
8,17,6,Brazil,web_login,High,Credential Stuffing
52,6,29,India,web_login,High,Bot Attack
7,8,6,Canada,web_login,High,Credential Stuffing
2,2,3,Russia,admin_panel,Low,Normal
37,11,30,China,admin_panel,High,Brute Force
24,8,19,Canada,web_login,High,Brute Force
49,5,35,Canada,web_login,High,Bot Attack
13,6,17,Australia,web_login,High,Brute Force
2,2,0,Canada,admin_panel,Low,Normal
40,12,24,United States,web_login,High,Brute Force
32,5,32,Germany,web_login,High,Bot Attack
48,4,17,Brazil,web_login,High,Bot Attack
42,8,17,United Kingdom,web_login,High,Bot Attack
3,0,2,India,web_login,Low,Normal
21,10,20,India,web_login,High,Brute Force
7,9,2,Russia,admin_panel,High,Credential Stuffing
1,2,0,France,admin_panel,Low,Normal
5,11,7,Russia,admin_panel,High,Credential Stuffing
9,11,5,Canada,web_login,High,Credential Stuffing
34,8,24,Australia,admin_panel,High,Brute Force
36,4,24,Germany,admin_panel,High,Bot Attack
20,10,16,Australia,admin_panel,High,Brute Force
3,1,2,Germany,web_login,Low,Normal
5,8,7,Canada,admin_panel,High,Credential Stuffing
54,5,18,France,admin_panel,High,Bot Attack
26,3,25,Germany,admin_panel,High,Bot Attack
44,4,18,France,admin_panel,High,Bot Attack
3,1,0,Australia,web_login,Low,Normal
8,10,7,Germany,web_login,High,Credential Stuffing
27,6,23,Canada,admin_panel,High,Brute Force
30,3,20,Australia,admin_panel,High,Bot Attack
6,17,7,China,admin_panel,High,Credential Stuffing
8,13,4,France,admin_panel,High,Credential Stuffing
15,10,2,India,web_login,High,Credential Stuffing
3,2,2,Brazil,web_login,Low,Normal
25,3,37,Brazil,web_login,High,Bot Attack
40,6,26,Russia,web_login,High,Bot Attack
8,18,7,Canada,web_login,High,Credential Stuffing
3,0,0,Russia,admin_panel,Low,Normal
28,8,15,India,admin_panel,High,Brute Force
22,4,17,China,admin_panel,High,Bot Attack
2,2,2,China,admin_panel,Low,Normal
6,17,6,Australia,web_login,High,Credential Stuffing
12,12,19,Canada,web_login,High,Brute Force
2,1,0,Brazil,admin_panel,Low,Normal
